,PC1,PC2,PC3,name,id,sprite_url,type,total_stats,generation
0,-1.4859778676284294,0.0433727293939768,-0.7849832943547386,bulbasaur,1,https://raw.githubusercontent.com/PokeAPI/sprites/master/sprites/pokemon/1.png,grass,318,generation-i
1,-0.23584721061263014,0.1430154491037752,-0.8171354915082566,ivysaur,2,https://raw.githubusercontent.com/PokeAPI/sprites/master/sprites/pokemon/2.png,grass,405,generation-i
2,1.487991987727561,0.24332852002190072,-0.8032919663009063,venusaur,3,https://raw.githubusercontent.com/PokeAPI/sprites/master/sprites/pokemon/3.png,grass,525,generation-i
3,-1.7308800269961837,0.7020872238583947,-0.2880452487009901,charmander,4,https://raw.githubusercontent.com/PokeAPI/sprites/master/sprites/pokemon/4.png,fire,309,generation-i
4,-0.3442817737697762,0.8326417347168135,-0.3660974835296872,charmeleon,5,https://raw.githubusercontent.com/PokeAPI/sprites/master/sprites/pokemon/5.png,fire,405,generation-i
5,1.5124668129864185,1.0434625037643963,-0.4697577068984776,charizard,6,https://raw.githubusercontent.com/PokeAPI/sprites/master/sprites/pokemon/6.png,fire,534,generation-i
6,-1.5619385862022739,-0.49919498207916146,-0.6182330119667205,squirtle,7,https://raw.githubusercontent.com/PokeAPI/sprites/master/sprites/pokemon/7.png,water,314,generation-i
7,-0.25230481225471085,-0.4303870952616553,-0.6300663112221361,wartortle,8,https://raw.githubusercontent.com/PokeAPI/sprites/master/sprites/pokemon/8.png,water,405,generation-i
8,1.555306262047579,-0.36220860619897016,-0.7273025018194265,blastoise,9,https://raw.githubusercontent.com/PokeAPI/sprites/master/sprites/pokemon/9.png,water,530,generation-i
9,-3.370831877286143,0.10221287782482863,0.40101150978053923,caterpie,10,https://raw.githubusercontent.com/PokeAPI/sprites/master/sprites/pokemon/10.png,bug,195,generation-i
10,-3.1716743127017932,-0.6320573532077939,-0.02101172606864003,metapod,11,https://raw.githubusercontent.com/PokeAPI/sprites/master/sprites/pokemon/11.png,bug,205,generation-i
11,-0.4055703750866769,0.8090347139829489,-1.260264370156429,butterfree,12,https://raw.githubusercontent.com/PokeAPI/sprites/master/sprites/pokemon/12.png,bug,395,generation-i
12,-3.391167627399226,0.3301517206139371,0.4831577607621699,weedle,13,https://raw.githubusercontent.com/PokeAPI/sprites/master/sprites/pokemon/13.png,bug,195,generation-i
13,-3.1920100628148758,-0.4041185104186855,0.061134524912990644,kakuna,14,https://raw.githubusercontent.com/PokeAPI/sprites/master/sprites/pokemon/14.png,bug,205,generation-i
14,-0.41038195428274904,0.4664302079736979,0.3798574996816597,beedrill,15,https://raw.githubusercontent.com/PokeAPI/sprites/master/sprites/pokemon/15.png,bug,395,generation-i
15,-2.5739246720046887,0.34284729639739997,0.191280545642366,pidgey,16,https://raw.githubusercontent.com/PokeAPI/sprites/master/sprites/pokemon/16.png,normal,251,generation-i
16,-1.1532031955923503,0.39290623105890293,0.28485074861244014,pidgeotto,17,https://raw.githubusercontent.com/PokeAPI/sprites/master/sprites/pokemon/17.png,normal,349,generation-i
17,0.6768471822132539,0.7386927497432779,0.34483165573993607,pidgeot,18,https://raw.githubusercontent.com/PokeAPI/sprites/master/sprites/pokemon/18.png,normal,479,generation-i
18,-2.6169250545268974,0.7207265656920747,0.532243008853787,rattata,19,https://raw.githubusercontent.com/PokeAPI/sprites/master/sprites/pokemon/19.png,normal,253,generation-i
19,-0.2945823046774613,0.7818487406288508,0.32738798375369316,raticate,20,https://raw.githubusercontent.com/PokeAPI/sprites/master/sprites/pokemon/20.png,normal,413,generation-i
20,-2.464996220976651,0.8311801978958009,0.7270147733481827,spearow,21,https://raw.githubusercontent.com/PokeAPI/sprites/master/sprites/pokemon/21.png,normal,262,generation-i
21,0.10780254177015725,0.8970600605160467,0.6926327155509694,fearow,22,https://raw.githubusercontent.com/PokeAPI/sprites/master/sprites/pokemon/22.png,normal,442,generation-i
22,-1.998518732306509,0.1604845132284417,-0.03148830456496096,ekans,23,https://raw.githubusercontent.com/PokeAPI/sprites/master/sprites/pokemon/23.png,poison,288,generation-i
23,0.3030827105431805,0.2641609308564528,0.20164542843226815,arbok,24,https://raw.githubusercontent.com/PokeAPI/sprites/master/sprites/pokemon/24.png,poison,448,generation-i
24,-1.6730742401872776,1.2592527669285425,-0.01709398213060522,pikachu,25,https://raw.githubusercontent.com/PokeAPI/sprites/master/sprites/pokemon/25.png,electric,320,generation-i
25,0.7468266087072734,1.5928866988731665,-0.1076379944725484,raichu,26,https://raw.githubusercontent.com/PokeAPI/sprites/master/sprites/pokemon/26.png,electric,485,generation-i
26,-1.8464687766761938,-1.2014916880507602,1.1474563688938433,sandshrew,27,https://raw.githubusercontent.com/PokeAPI/sprites/master/sprites/pokemon/27.png,ground,300,generation-i
27,0.3083302212490452,-1.0761003494031034,1.164760775403031,sandslash,28,https://raw.githubusercontent.com/PokeAPI/sprites/master/sprites/pokemon/28.png,ground,450,generation-i
28,-2.1459075984751337,-0.28843121697946233,0.1372851443181587,nidoran-f,29,https://raw.githubusercontent.com/PokeAPI/sprites/master/sprites/pokemon/29.png,poison,275,generation-i
29,-0.8530281997199901,-0.2131964137908682,0.1476677882236713,nidorina,30,https://raw.githubusercontent.com/PokeAPI/sprites/master/sprites/pokemon/30.png,poison,365,generation-i
30,1.1851571954688491,-0.19886742760326914,0.1551812083097814,nidoqueen,31,https://raw.githubusercontent.com/PokeAPI/sprites/master/sprites/pokemon/31.png,poison,505,generation-i
31,-2.207996462449599,0.1798820048907929,0.30862440144963027,nidoran-m,32,https://raw.githubusercontent.com/PokeAPI/sprites/master/sprites/pokemon/32.png,poison,273,generation-i
32,-0.8883405581855481,0.21498694344483724,0.3177449968779878,nidorino,33,https://raw.githubusercontent.com/PokeAPI/sprites/master/sprites/pokemon/33.png,poison,365,generation-i
33,1.1299781833190976,0.41637142459826965,0.4168581279332231,nidoking,34,https://raw.githubusercontent.com/PokeAPI/sprites/master/sprites/pokemon/34.png,poison,505,generation-i
34,-1.3386303342593446,-0.3134175724217754,-0.5915804002346907,clefairy,35,https://raw.githubusercontent.com/PokeAPI/sprites/master/sprites/pokemon/35.png,fairy,323,generation-i
35,0.9638457619058982,-0.06523990251916596,-0.7048357143656591,clefable,36,https://raw.githubusercontent.com/PokeAPI/sprites/master/sprites/pokemon/36.png,fairy,483,generation-i
36,-1.8448692047372983,0.5701253406764425,-0.7366423067789388,vulpix,37,https://raw.githubusercontent.com/PokeAPI/sprites/master/sprites/pokemon/37.png,fire,299,generation-i
37,1.1127785530620347,0.6965586822811812,-0.6601922494100134,ninetales,38,https://raw.githubusercontent.com/PokeAPI/sprites/master/sprites/pokemon/38.png,fire,505,generation-i
38,-2.0453971488172407,-0.18852674169124634,0.9092895327007815,jigglypuff,39,https://raw.githubusercontent.com/PokeAPI/sprites/master/sprites/pokemon/39.png,normal,270,generation-i
39,0.3309174964680043,0.12104409383883935,0.730754358249735,wigglytuff,40,https://raw.githubusercontent.com/PokeAPI/sprites/master/sprites/pokemon/40.png,normal,435,generation-i
40,-2.6415537268814018,0.32509686572423274,0.14402207315867674,zubat,41,https://raw.githubusercontent.com/PokeAPI/sprites/master/sprites/pokemon/41.png,poison,245,generation-i
41,0.3751648702139327,0.5006447398309525,0.16824824227153964,golbat,42,https://raw.githubusercontent.com/PokeAPI/sprites/master/sprites/pokemon/42.png,poison,455,generation-i
42,-1.4026077775673784,-0.3246121970060587,-0.9669523006577747,oddish,43,https://raw.githubusercontent.com/PokeAPI/sprites/master/sprites/pokemon/43.png,grass,320,generation-i
43,-0.3204443936270424,-0.40137270147262527,-0.8032787715876158,gloom,44,https://raw.githubusercontent.com/PokeAPI/sprites/master/sprites/pokemon/44.png,grass,395,generation-i
44,1.0670065136353983,-0.32608829091220326,-0.9465245392823324,vileplume,45,https://raw.githubusercontent.com/PokeAPI/sprites/master/sprites/pokemon/45.png,grass,490,generation-i
45,-1.932486121166886,-0.7633987573235885,-0.04850819394271624,paras,46,https://raw.githubusercontent.com/PokeAPI/sprites/master/sprites/pokemon/46.png,bug,285,generation-i
46,-0.1377865804124779,-1.2517406454633835,0.007081169366336531,parasect,47,https://raw.githubusercontent.com/PokeAPI/sprites/master/sprites/pokemon/47.png,bug,405,generation-i
47,-1.681540749836272,-0.2796225734498824,0.0484186837552336,venonat,48,https://raw.githubusercontent.com/PokeAPI/sprites/master/sprites/pokemon/48.png,bug,305,generation-i
48,0.31037012234698297,1.0565671904999838,-0.5275770310904883,venomoth,49,https://raw.githubusercontent.com/PokeAPI/sprites/master/sprites/pokemon/49.png,bug,450,generation-i
49,-2.525586457772215,1.609593149690962,0.06239824709625193,diglett,50,https://raw.githubusercontent.com/PokeAPI/sprites/master/sprites/pokemon/50.png,ground,265,generation-i
50,-0.22485966823807796,1.5687683150443745,0.6419210272216789,dugtrio,51,https://raw.githubusercontent.com/PokeAPI/sprites/master/sprites/pokemon/51.png,ground,425,generation-i
51,-2.1221375005124514,1.3070402641610588,0.1749431892390302,meowth,52,https://raw.githubusercontent.com/PokeAPI/sprites/master/sprites/pokemon/52.png,normal,290,generation-i
52,0.032661497412787656,1.4324316028087156,0.19224759574821804,persian,53,https://raw.githubusercontent.com/PokeAPI/sprites/master/sprites/pokemon/53.png,normal,440,generation-i
53,-1.5205285367906836,0.38306546090849664,-0.2882347184203299,psyduck,54,https://raw.githubusercontent.com/PokeAPI/sprites/master/sprites/pokemon/54.png,water,320,generation-i
54,1.065230260719603,0.533535067285685,-0.2674694306093043,golduck,55,https://raw.githubusercontent.com/PokeAPI/sprites/master/sprites/pokemon/55.png,water,500,generation-i
55,-1.810817975365603,0.646563397576883,0.7922712126223206,mankey,56,https://raw.githubusercontent.com/PokeAPI/sprites/master/sprites/pokemon/56.png,fighting,305,generation-i
56,0.34398102255963564,0.7719547362245398,0.8095756191315086,primeape,57,https://raw.githubusercontent.com/PokeAPI/sprites/master/sprites/pokemon/57.png,fighting,455,generation-i
57,-1.0896034568015776,0.5725683717061282,0.11193219702922276,growlithe,58,https://raw.githubusercontent.com/PokeAPI/sprites/master/sprites/pokemon/58.png,fire,350,generation-i
58,1.8429059376738817,0.708000201530989,0.42043260551082545,arcanine,59,https://raw.githubusercontent.com/PokeAPI/sprites/master/sprites/pokemon/59.png,fire,555,generation-i
59,-1.9817950142779577,1.1958581420648615,0.279702731290163,poliwag,60,https://raw.githubusercontent.com/PokeAPI/sprites/master/sprites/pokemon/60.png,water,300,generation-i
60,-0.7121576851870045,0.6415050310004323,0.49491308488510216,poliwhirl,61,https://raw.githubusercontent.com/PokeAPI/sprites/master/sprites/pokemon/61.png,water,385,generation-i
61,1.2825105701446622,-0.6067131785900285,0.14139952771092315,poliwrath,62,https://raw.githubusercontent.com/PokeAPI/sprites/master/sprites/pokemon/62.png,water,510,generation-i
62,-1.7853957970735703,2.5115383741348385,-1.689863647030513,abra,63,https://raw.githubusercontent.com/PokeAPI/sprites/master/sprites/pokemon/63.png,psychic,310,generation-i
63,-0.49251639831842714,2.586773177323433,-1.6794810031249998,kadabra,64,https://raw.githubusercontent.com/PokeAPI/sprites/master/sprites/pokemon/64.png,psychic,400,generation-i
64,0.9679067523609135,2.5977388168011464,-1.8912577908287687,alakazam,65,https://raw.githubusercontent.com/PokeAPI/sprites/master/sprites/pokemon/65.png,psychic,500,generation-i
65,-1.669869272887461,-0.5437079976298251,1.1554377904245343,machop,66,https://raw.githubusercontent.com/PokeAPI/sprites/master/sprites/pokemon/66.png,fighting,305,generation-i
66,-0.2021105242420803,-0.7509262863020021,0.9733596293964744,machoke,67,https://raw.githubusercontent.com/PokeAPI/sprites/master/sprites/pokemon/67.png,fighting,405,generation-i
67,1.278568141783215,-0.7792101728210755,1.0134210372422316,machamp,68,https://raw.githubusercontent.com/PokeAPI/sprites/master/sprites/pokemon/68.png,fighting,505,generation-i
68,-1.7774959231988567,0.41568658408774883,0.5262089776219401,bellsprout,69,https://raw.githubusercontent.com/PokeAPI/sprites/master/sprites/pokemon/69.png,grass,300,generation-i
69,-0.48461652444371345,0.49092138727634277,0.5365916215274527,weepinbell,70,https://raw.githubusercontent.com/PokeAPI/sprites/master/sprites/pokemon/70.png,grass,390,generation-i
70,0.9758066262356272,0.5018870267540562,0.3248148338236839,victreebel,71,https://raw.githubusercontent.com/PokeAPI/sprites/master/sprites/pokemon/71.png,grass,490,generation-i
71,-1.255021472120316,0.5641221781280512,-1.4887625481411275,tentacool,72,https://raw.githubusercontent.com/PokeAPI/sprites/master/sprites/pokemon/72.png,water,335,generation-i
72,1.3229961705372673,0.7473911125572563,-1.1418533798901185,tentacruel,73,https://raw.githubusercontent.com/PokeAPI/sprites/master/sprites/pokemon/73.png,water,515,generation-i
73,-1.7967916206594798,-1.8500138619383892,0.9190867352480507,geodude,74,https://raw.githubusercontent.com/PokeAPI/sprites/master/sprites/pokemon/74.png,rock,300,generation-i
74,-0.5039122219043363,-1.7747790587497951,0.9294693791535632,graveler,75,https://raw.githubusercontent.com/PokeAPI/sprites/master/sprites/pokemon/75.png,rock,390,generation-i
75,1.0523999559561419,-1.968993483605752,1.190797251933184,golem,76,https://raw.githubusercontent.com/PokeAPI/sprites/master/sprites/pokemon/76.png,rock,495,generation-i
76,-0.3193079432435781,0.9337050169382937,0.24782657862675095,ponyta,77,https://raw.githubusercontent.com/PokeAPI/sprites/master/sprites/pokemon/77.png,fire,410,generation-i
77,0.9735714555115652,1.0089398201268878,0.25820922253226364,rapidash,78,https://raw.githubusercontent.com/PokeAPI/sprites/master/sprites/pokemon/78.png,fire,500,generation-i
78,-1.4244558886630712,-1.3367375839376712,0.7615629948102021,slowpoke,79,https://raw.githubusercontent.com/PokeAPI/sprites/master/sprites/pokemon/79.png,water,315,generation-i
79,1.120273595082474,-1.429257872728552,-0.6018015224202422,slowbro,80,https://raw.githubusercontent.com/PokeAPI/sprites/master/sprites/pokemon/80.png,water,490,generation-i
80,-1.4544656340263065,0.14797786895217463,-1.4778844884207165,magnemite,81,https://raw.githubusercontent.com/PokeAPI/sprites/master/sprites/pokemon/81.png,electric,325,generation-i
81,0.532789611974735,0.33763837131071217,-1.2384206503022468,magneton,82,https://raw.githubusercontent.com/PokeAPI/sprites/master/sprites/pokemon/82.png,electric,465,generation-i
82,-0.6862168341085556,0.11346356323274669,0.39616561980736886,farfetchd,83,https://raw.githubusercontent.com/PokeAPI/sprites/master/sprites/pokemon/83.png,normal,377,generation-i
83,-1.7978736860860784,0.6377974193177485,1.0871115316345692,doduo,84,https://raw.githubusercontent.com/PokeAPI/sprites/master/sprites/pokemon/84.png,normal,310,generation-i
84,0.46313649130457357,1.0086622057316545,1.1505533200639027,dodrio,85,https://raw.githubusercontent.com/PokeAPI/sprites/master/sprites/pokemon/85.png,normal,470,generation-i
85,-1.35634645544641,-0.40897781178488773,-0.5170925472443452,seel,86,https://raw.githubusercontent.com/PokeAPI/sprites/master/sprites/pokemon/86.png,water,325,generation-i
86,0.7984525424788289,-0.2835864731372308,-0.49978814073515715,dewgong,87,https://raw.githubusercontent.com/PokeAPI/sprites/master/sprites/pokemon/87.png,water,475,generation-i
87,-1.2911236782750828,-0.8556618609937834,0.8147658496010898,grimer,88,https://raw.githubusercontent.com/PokeAPI/sprites/master/sprites/pokemon/88.png,poison,325,generation-i
88,1.2825346994606492,-0.8909434316233282,0.2766716770870737,muk,89,https://raw.githubusercontent.com/PokeAPI/sprites/master/sprites/pokemon/89.png,poison,500,generation-i
89,-1.8266317547889155,-1.078710670479688,0.4988731953699846,shellder,90,https://raw.githubusercontent.com/PokeAPI/sprites/master/sprites/pokemon/90.png,water,305,generation-i
90,1.2488704296883668,-1.7129623493415478,0.4757025333905549,cloyster,91,https://raw.githubusercontent.com/PokeAPI/sprites/master/sprites/pokemon/91.png,water,525,generation-i
91,-1.7996042722681522,1.98392880404485,-0.8601314548432679,gastly,92,https://raw.githubusercontent.com/PokeAPI/sprites/master/sprites/pokemon/92.png,ghost,310,generation-i
92,-0.4229529975509102,2.027029025378004,-0.960828526742396,haunter,93,https://raw.githubusercontent.com/PokeAPI/sprites/master/sprites/pokemon/93.png,ghost,405,generation-i
93,0.9536982771663318,2.0701292467111574,-1.0615255986415242,gengar,94,https://raw.githubusercontent.com/PokeAPI/sprites/master/sprites/pokemon/94.png,ghost,500,generation-i
94,-0.8048347859502225,-1.831209166311765,-0.028721824003292915,onix,95,https://raw.githubusercontent.com/PokeAPI/sprites/master/sprites/pokemon/95.png,rock,385,generation-i
95,-1.2524008176885886,-0.4258456750912273,-0.9300738649940834,drowzee,96,https://raw.githubusercontent.com/PokeAPI/sprites/master/sprites/pokemon/96.png,psychic,328,generation-i
96,0.9762367293566524,-0.239061170816094,-0.9780493188049738,hypno,97,https://raw.githubusercontent.com/PokeAPI/sprites/master/sprites/pokemon/97.png,psychic,483,generation-i
97,-1.5624475196502434,-0.9650202461291778,1.6757575669083837,krabby,98,https://raw.githubusercontent.com/PokeAPI/sprites/master/sprites/pokemon/98.png,water,325,generation-i
98,0.5923514782749955,-0.8396289074815211,1.6930619734175718,kingler,99,https://raw.githubusercontent.com/PokeAPI/sprites/master/sprites/pokemon/99.png,water,475,generation-i
99,-1.5624749218706073,1.3718878600137614,-0.6412075105257065,voltorb,100,https://raw.githubusercontent.com/PokeAPI/sprites/master/sprites/pokemon/100.png,electric,330,generation-i
100,0.6376082399479239,2.2378798580026715,-0.6653114156826381,electrode,101,https://raw.githubusercontent.com/PokeAPI/sprites/master/sprites/pokemon/101.png,electric,490,generation-i
101,-1.4253919797662344,-0.6618930591009995,-0.35628473376525943,exeggcute,102,https://raw.githubusercontent.com/PokeAPI/sprites/master/sprites/pokemon/102.png,grass,325,generation-i
102,1.6301209843714786,-0.018280377427525023,-0.25434339447510623,exeggutor,103,https://raw.githubusercontent.com/PokeAPI/sprites/master/sprites/pokemon/103.png,grass,530,generation-i
103,-1.5022562508470882,-1.3535560974693757,-0.12693418517098443,cubone,104,https://raw.githubusercontent.com/PokeAPI/sprites/master/sprites/pokemon/104.png,ground,320,generation-i
104,0.05529700579257152,-1.5756923930577404,-0.13582775400267763,marowak,105,https://raw.githubusercontent.com/PokeAPI/sprites/master/sprites/pokemon/105.png,ground,425,generation-i
105,0.4467763435823443,0.16662039321038724,0.38261177491470877,hitmonlee,106,https://raw.githubusercontent.com/PokeAPI/sprites/master/sprites/pokemon/106.png,fighting,455,generation-i
106,0.45783495039950856,-0.5925162580521661,-0.008289965132530138,hitmonchan,107,https://raw.githubusercontent.com/PokeAPI/sprites/master/sprites/pokemon/107.png,fighting,455,generation-i
107,-0.3963017086301673,-1.126831224919577,-0.43004795309619454,lickitung,108,https://raw.githubusercontent.com/PokeAPI/sprites/master/sprites/pokemon/108.png,normal,385,generation-i
108,-1.2302728600139963,-1.0769513989746347,-0.057214369745296124,koffing,109,https://raw.githubusercontent.com/PokeAPI/sprites/master/sprites/pokemon/109.png,poison,340,generation-i
109,0.9245261379112425,-0.9515600603269776,-0.03990996323610831,weezing,110,https://raw.githubusercontent.com/PokeAPI/sprites/master/sprites/pokemon/110.png,poison,490,generation-i
110,-1.0980156839508413,-1.7636892796141685,1.469163005967839,rhyhorn,111,https://raw.githubusercontent.com/PokeAPI/sprites/master/sprites/pokemon/111.png,ground,345,generation-i
111,0.928956174193685,-1.9857183983161248,2.2247078357824015,rhydon,112,https://raw.githubusercontent.com/PokeAPI/sprites/master/sprites/pokemon/112.png,ground,485,generation-i
112,0.8352107961831288,-0.12605515189145208,-0.049075936931905144,chansey,113,https://raw.githubusercontent.com/PokeAPI/sprites/master/sprites/pokemon/113.png,normal,450,generation-i
113,0.0626607084908103,-0.3982461871567716,-0.3215187708837547,tangela,114,https://raw.githubusercontent.com/PokeAPI/sprites/master/sprites/pokemon/114.png,grass,435,generation-i
114,0.9232379867217153,-0.16608688184067913,1.0129549219056813,kangaskhan,115,https://raw.githubusercontent.com/PokeAPI/sprites/master/sprites/pokemon/115.png,normal,490,generation-i
115,-2.0136703452028164,0.37543732525755447,-0.255893931452891,horsea,116,https://raw.githubusercontent.com/PokeAPI/sprites/master/sprites/pokemon/116.png,water,295,generation-i
116,0.05735677676032423,0.5329632457606517,-0.1275098091390624,seadra,117,https://raw.githubusercontent.com/PokeAPI/sprites/master/sprites/pokemon/117.png,water,440,generation-i
117,-1.5776294860339914,-0.04653142615069716,0.4045338234900359,goldeen,118,https://raw.githubusercontent.com/PokeAPI/sprites/master/sprites/pokemon/118.png,water,320,generation-i
118,0.41439512002494167,-0.012999588576869251,0.26980882363646674,seaking,119,https://raw.githubusercontent.com/PokeAPI/sprites/master/sprites/pokemon/119.png,water,450,generation-i
119,-1.3729337096212708,1.086429977789837,-0.6896487446576874,staryu,120,https://raw.githubusercontent.com/PokeAPI/sprites/master/sprites/pokemon/120.png,water,340,generation-i
120,1.212825087889016,1.2368995841670252,-0.6688834568466617,starmie,121,https://raw.githubusercontent.com/PokeAPI/sprites/master/sprites/pokemon/121.png,water,520,generation-i
121,0.5059226869547603,0.9276569724854823,-2.4046213146334874,mr-mime,122,https://raw.githubusercontent.com/PokeAPI/sprites/master/sprites/pokemon/122.png,psychic,460,generation-i
122,0.9649649809162897,0.46387482996767926,0.8461198326502709,scyther,123,https://raw.githubusercontent.com/PokeAPI/sprites/master/sprites/pokemon/123.png,bug,500,generation-i
123,0.43294467674432946,1.9076620223895022,-1.635187113132343,jynx,124,https://raw.githubusercontent.com/PokeAPI/sprites/master/sprites/pokemon/124.png,ice,455,generation-i
124,0.8552475366542058,1.458744221011848,-0.4074166141607733,electabuzz,125,https://raw.githubusercontent.com/PokeAPI/sprites/master/sprites/pokemon/125.png,electric,490,generation-i
125,0.977795604325053,1.19951134409625,-0.26906614099937676,magmar,126,https://raw.githubusercontent.com/PokeAPI/sprites/master/sprites/pokemon/126.png,fire,495,generation-i
126,0.9930662940012684,-0.3809390118994739,1.2351357809644208,pinsir,127,https://raw.githubusercontent.com/PokeAPI/sprites/master/sprites/pokemon/127.png,bug,500,generation-i
127,0.7629338162928938,0.17170723911034602,1.1138850705285057,tauros,128,https://raw.githubusercontent.com/PokeAPI/sprites/master/sprites/pokemon/128.png,normal,490,generation-i
128,-3.4982776257157613,0.6207825642201791,-0.0764680530032613,magikarp,129,https://raw.githubusercontent.com/PokeAPI/sprites/master/sprites/pokemon/129.png,water,200,generation-i
129,1.725306110478651,-0.28358864482495827,0.8101275285506743,gyarados,130,https://raw.githubusercontent.com/PokeAPI/sprites/master/sprites/pokemon/130.png,water,540,generation-i
130,1.7731710660460724,-0.5033321481859757,-0.0020833185606681987,lapras,131,https://raw.githubusercontent.com/PokeAPI/sprites/master/sprites/pokemon/131.png,water,535,generation-i
131,-1.9701176771933984,0.030331052620509828,-0.1612760947156666,ditto,132,https://raw.githubusercontent.com/PokeAPI/sprites/master/sprites/pokemon/132.png,normal,288,generation-i
132,-1.4138485678624062,-0.02129020593760516,-0.24487545066933133,eevee,133,https://raw.githubusercontent.com/PokeAPI/sprites/master/sprites/pokemon/133.png,normal,325,generation-i
133,1.6340994564408142,0.37109889221932046,-0.7244520974055174,vaporeon,134,https://raw.githubusercontent.com/PokeAPI/sprites/master/sprites/pokemon/134.png,water,525,generation-i
134,1.2857552420012917,2.1712302344825583,-1.1004580323241322,jolteon,135,https://raw.githubusercontent.com/PokeAPI/sprites/master/sprites/pokemon/135.png,electric,525,generation-i
135,1.579398448011326,0.15392259492548832,-0.1348599590864986,flareon,136,https://raw.githubusercontent.com/PokeAPI/sprites/master/sprites/pokemon/136.png,fire,525,generation-i
136,-0.31394431755352104,-0.40625015879223436,-0.8592012104162856,porygon,137,https://raw.githubusercontent.com/PokeAPI/sprites/master/sprites/pokemon/137.png,normal,395,generation-i
137,-0.999663960444393,-0.8031640101284853,-1.2657736251033886,omanyte,138,https://raw.githubusercontent.com/PokeAPI/sprites/master/sprites/pokemon/138.png,rock,355,generation-i
138,1.02088707043321,-0.7568526068021135,-1.053308692358311,omastar,139,https://raw.githubusercontent.com/PokeAPI/sprites/master/sprites/pokemon/139.png,rock,495,generation-i
139,-1.0982292436602574,-0.5481755533538419,0.32325491650932126,kabuto,140,https://raw.githubusercontent.com/PokeAPI/sprites/master/sprites/pokemon/140.png,rock,355,generation-i
140,0.9278753228206365,-0.44376422726494275,0.8105306972679116,kabutops,141,https://raw.githubusercontent.com/PokeAPI/sprites/master/sprites/pokemon/141.png,rock,495,generation-i
141,1.1061371860301896,1.4514478064763023,1.0127982921005425,aerodactyl,142,https://raw.githubusercontent.com/PokeAPI/sprites/master/sprites/pokemon/142.png,rock,515,generation-i
142,2.056089071264924,-1.4294517243275335,0.6483768558361572,snorlax,143,https://raw.githubusercontent.com/PokeAPI/sprites/master/sprites/pokemon/143.png,normal,540,generation-i
143,2.3175620355252997,-0.2350889923580837,-1.1123361593226637,articuno,144,https://raw.githubusercontent.com/PokeAPI/sprites/master/sprites/pokemon/144.png,ice,580,generation-i
144,2.206084398854162,1.0165387702935318,-0.5398712109077446,zapdos,145,https://raw.githubusercontent.com/PokeAPI/sprites/master/sprites/pokemon/145.png,electric,580,generation-i
145,2.2298450521233693,0.6811603217767023,-0.262254671728096,moltres,146,https://raw.githubusercontent.com/PokeAPI/sprites/master/sprites/pokemon/146.png,fire,580,generation-i
146,-1.8029739356017604,0.13860898396417023,0.051838432133582524,dratini,147,https://raw.githubusercontent.com/PokeAPI/sprites/master/sprites/pokemon/147.png,dragon,300,generation-i
147,-0.0791347372615695,0.23892205488229576,0.0656819573409328,dragonair,148,https://raw.githubusercontent.com/PokeAPI/sprites/master/sprites/pokemon/148.png,dragon,420,generation-i
148,2.587806591166792,-0.1449850763123065,0.4258311342877495,dragonite,149,https://raw.githubusercontent.com/PokeAPI/sprites/master/sprites/pokemon/149.png,dragon,600,generation-i
149,3.5692118310819727,1.9149332335517948,-0.18520360509144315,mewtwo,150,https://raw.githubusercontent.com/PokeAPI/sprites/master/sprites/pokemon/150.png,psychic,680,generation-i
150,2.511864238491098,0.2911450370076362,-0.12528292917655576,mew,151,https://raw.githubusercontent.com/PokeAPI/sprites/master/sprites/pokemon/151.png,psychic,600,generation-i
151,-1.5080491807411773,-0.47412431769034585,-0.5861841291477295,chikorita,152,https://raw.githubusercontent.com/PokeAPI/sprites/master/sprites/pokemon/152.png,grass,318,generation-ii
152,-0.25929798079492467,-0.40682516342331776,-0.6059113784758096,bayleef,153,https://raw.githubusercontent.com/PokeAPI/sprites/master/sprites/pokemon/153.png,grass,405,generation-ii
153,1.4645412175452663,-0.30651209250519224,-0.5920678532684592,meganium,154,https://raw.githubusercontent.com/PokeAPI/sprites/master/sprites/pokemon/154.png,grass,525,generation-ii
154,-1.7308800269961837,0.7020872238583947,-0.2880452487009901,cyndaquil,155,https://raw.githubusercontent.com/PokeAPI/sprites/master/sprites/pokemon/155.png,fire,309,generation-ii
155,-0.3442817737697762,0.8326417347168135,-0.3660974835296872,quilava,156,https://raw.githubusercontent.com/PokeAPI/sprites/master/sprites/pokemon/156.png,fire,405,generation-ii
156,1.5124668129864185,1.0434625037643963,-0.4697577068984776,typhlosion,157,https://raw.githubusercontent.com/PokeAPI/sprites/master/sprites/pokemon/157.png,fire,534,generation-ii
157,-1.5865573863649831,-0.5057684537061652,0.24548945955889248,totodile,158,https://raw.githubusercontent.com/PokeAPI/sprites/master/sprites/pokemon/158.png,water,314,generation-ii
158,-0.2802897348553859,-0.45059858283484594,0.2552410792258277,croconaw,159,https://raw.githubusercontent.com/PokeAPI/sprites/master/sprites/pokemon/159.png,water,405,generation-ii
159,1.5169506859470308,-0.3611429724265433,0.3769992676771986,feraligatr,160,https://raw.githubusercontent.com/PokeAPI/sprites/master/sprites/pokemon/160.png,water,530,generation-ii
160,-2.9342917367260033,-0.4711732596408622,-0.22359660721452146,sentret,161,https://raw.githubusercontent.com/PokeAPI/sprites/master/sprites/pokemon/161.png,normal,215,generation-ii
161,-0.2345247275394783,0.48121613139545233,0.895125410437366,furret,162,https://raw.githubusercontent.com/PokeAPI/sprites/master/sprites/pokemon/162.png,normal,415,generation-ii
162,-2.305522791607348,0.24315865045478594,-0.42545751163811085,hoothoot,163,https://raw.githubusercontent.com/PokeAPI/sprites/master/sprites/pokemon/163.png,normal,262,generation-ii
163,0.5160403994442372,0.5203527163982802,-1.039643113908389,noctowl,164,https://raw.githubusercontent.com/PokeAPI/sprites/master/sprites/pokemon/164.png,normal,452,generation-ii
164,-2.2576489970280043,0.34541850627115184,-1.4115935689458212,ledyba,165,https://raw.githubusercontent.com/PokeAPI/sprites/master/sprites/pokemon/165.png,bug,265,generation-ii
165,-0.48719593741617667,0.5921350739564246,-1.6683991207669002,ledian,166,https://raw.githubusercontent.com/PokeAPI/sprites/master/sprites/pokemon/166.png,bug,390,generation-ii
166,-2.4722596461459863,-0.2986974655522815,0.21870776625733027,spinarak,167,https://raw.githubusercontent.com/PokeAPI/sprites/master/sprites/pokemon/167.png,bug,250,generation-ii
167,-0.24660030580653025,-0.761961085962545,0.27775801086822066,ariados,168,https://raw.githubusercontent.com/PokeAPI/sprites/master/sprites/pokemon/168.png,bug,400,generation-ii
168,1.3981075826981677,1.2579630348167279,0.48994172676037084,crobat,169,https://raw.githubusercontent.com/PokeAPI/sprites/master/sprites/pokemon/169.png,poison,535,generation-ii
169,-1.3653577164537067,0.6809400253251037,-0.2845514631263107,chinchou,170,https://raw.githubusercontent.com/PokeAPI/sprites/master/sprites/pokemon/170.png,water,330,generation-ii
170,0.6254669141701389,0.19589669373413837,-0.051029355267146415,lanturn,171,https://raw.githubusercontent.com/PokeAPI/sprites/master/sprites/pokemon/171.png,water,460,generation-ii
171,-3.2591529356850772,1.016457115263323,-0.09037245653056078,pichu,172,https://raw.githubusercontent.com/PokeAPI/sprites/master/sprites/pokemon/172.png,electric,205,generation-ii
172,-2.8210872315553366,-0.4166066414233052,-0.8928632173714007,cleffa,173,https://raw.githubusercontent.com/PokeAPI/sprites/master/sprites/pokemon/173.png,fairy,218,generation-ii
173,-2.9427645874697266,-0.1289504170834039,0.48203042724949924,igglybuff,174,https://raw.githubusercontent.com/PokeAPI/sprites/master/sprites/pokemon/174.png,normal,210,generation-ii
174,-2.4920162051731154,-1.1038725286195905,-1.3139133310179747,togepi,175,https://raw.githubusercontent.com/PokeAPI/sprites/master/sprites/pokemon/175.png,fairy,245,generation-ii
175,-0.1377353065045218,-0.8865251226133208,-2.0055081103095005,togetic,176,https://raw.githubusercontent.com/PokeAPI/sprites/master/sprites/pokemon/176.png,fairy,405,generation-ii
176,-1.6004729387544052,0.9408109968554056,-0.318486031468126,natu,177,https://raw.githubusercontent.com/PokeAPI/sprites/master/sprites/pokemon/177.png,psychic,320,generation-ii
177,0.5543260591708337,1.0662023355030623,-0.3011816249589381,xatu,178,https://raw.githubusercontent.com/PokeAPI/sprites/master/sprites/pokemon/178.png,psychic,470,generation-ii
178,-2.0200904290928325,0.0950955931637803,-0.47138453991765844,mareep,179,https://raw.githubusercontent.com/PokeAPI/sprites/master/sprites/pokemon/179.png,electric,280,generation-ii
179,-0.7803166200703957,0.047593672469249566,-0.48407058697221855,flaaffy,180,https://raw.githubusercontent.com/PokeAPI/sprites/master/sprites/pokemon/180.png,electric,365,generation-ii
180,1.3602533256331217,-0.17830569438007518,-0.9406736986403057,ampharos,181,https://raw.githubusercontent.com/PokeAPI/sprites/master/sprites/pokemon/181.png,electric,510,generation-ii
181,1.073078596624124,-0.8365794403057384,-0.913874771997077,bellossom,182,https://raw.githubusercontent.com/PokeAPI/sprites/master/sprites/pokemon/182.png,grass,490,generation-ii
182,-2.46777837217517,-0.5712649900775758,-0.25386904399732846,marill,183,https://raw.githubusercontent.com/PokeAPI/sprites/master/sprites/pokemon/183.png,water,250,generation-ii
183,0.053235164644294446,-0.7889559479779339,-0.45593824066675065,azumarill,184,https://raw.githubusercontent.com/PokeAPI/sprites/master/sprites/pokemon/184.png,water,420,generation-ii
184,-0.1303408370791885,-2.268295820935229,0.9218127424252355,sudowoodo,185,https://raw.githubusercontent.com/PokeAPI/sprites/master/sprites/pokemon/185.png,rock,410,generation-ii
185,1.1840385736108925,0.019318808593785805,-0.7609175133832022,politoed,186,https://raw.githubusercontent.com/PokeAPI/sprites/master/sprites/pokemon/186.png,water,500,generation-ii
186,-2.52926761929574,0.10447473916496654,-0.5485422976316768,hoppip,187,https://raw.githubusercontent.com/PokeAPI/sprites/master/sprites/pokemon/187.png,grass,250,generation-ii
187,-1.295123064123324,0.6141083344976646,-0.34536132235700845,skiploom,188,https://raw.githubusercontent.com/PokeAPI/sprites/master/sprites/pokemon/188.png,grass,340,generation-ii
188,0.4079915224420226,0.794554279235852,-0.592809452686679,jumpluff,189,https://raw.githubusercontent.com/PokeAPI/sprites/master/sprites/pokemon/189.png,grass,460,generation-ii
189,-1.0494523993514213,0.5851090923287047,0.5015648555596395,aipom,190,https://raw.githubusercontent.com/PokeAPI/sprites/master/sprites/pokemon/190.png,normal,360,generation-ii
190,-3.5215729556995705,-0.059950711205803094,-0.17373526740228173,sunkern,191,https://raw.githubusercontent.com/PokeAPI/sprites/master/sprites/pokemon/191.png,grass,180,generation-ii
191,0.2219249245266359,-0.2334883401886683,-0.9514236630845982,sunflora,192,https://raw.githubusercontent.com/PokeAPI/sprites/master/sprites/pokemon/192.png,grass,425,generation-ii
192,-0.6413962809054596,1.5046408112218772,0.3152826748209764,yanma,193,https://raw.githubusercontent.com/PokeAPI/sprites/master/sprites/pokemon/193.png,bug,390,generation-ii
193,-3.0179661985975756,-0.8696404220629655,0.5076579840723714,wooper,194,https://raw.githubusercontent.com/PokeAPI/sprites/master/sprites/pokemon/194.png,water,210,generation-ii
194,0.21728983915198008,-1.1599611757592136,0.4430702706467808,quagsire,195,https://raw.githubusercontent.com/PokeAPI/sprites/master/sprites/pokemon/195.png,water,430,generation-ii
195,1.368687079550473,1.9258560014599642,-1.4538522374447362,espeon,196,https://raw.githubusercontent.com/PokeAPI/sprites/master/sprites/pokemon/196.png,psychic,525,generation-ii
196,1.5922206449479397,-1.3608770281012472,-1.244708287673556,umbreon,197,https://raw.githubusercontent.com/PokeAPI/sprites/master/sprites/pokemon/197.png,dark,525,generation-ii
197,-0.4129279469790863,1.5810183852255593,0.6144753321720107,murkrow,198,https://raw.githubusercontent.com/PokeAPI/sprites/master/sprites/pokemon/198.png,dark,405,generation-ii
198,1.221257268221456,-1.020117394342947,-1.2493490900907596,slowking,199,https://raw.githubusercontent.com/PokeAPI/sprites/master/sprites/pokemon/199.png,water,490,generation-ii
199,0.1177659158847526,0.8504954334471889,-0.9194244054144869,misdreavus,200,https://raw.githubusercontent.com/PokeAPI/sprites/master/sprites/pokemon/200.png,ghost,435,generation-ii
200,-1.2633667735987066,0.2729024371852465,0.043370959319257295,unown,201,https://raw.githubusercontent.com/PokeAPI/sprites/master/sprites/pokemon/201.png,psychic,336,generation-ii
201,-0.000530603254256829,-1.2012763876213224,0.8897229230331956,wobbuffet,202,https://raw.githubusercontent.com/PokeAPI/sprites/master/sprites/pokemon/202.png,psychic,405,generation-ii
202,0.3768657118490237,0.8652025872118967,-0.007897421902105479,girafarig,203,https://raw.githubusercontent.com/PokeAPI/sprites/master/sprites/pokemon/203.png,normal,455,generation-ii
203,-1.8865703831698046,-1.741740133006124,0.5062091696476745,pineco,204,https://raw.githubusercontent.com/PokeAPI/sprites/master/sprites/pokemon/204.png,bug,290,generation-ii
204,0.6029349336167754,-2.1179721022903397,0.5077379701924232,forretress,205,https://raw.githubusercontent.com/PokeAPI/sprites/master/sprites/pokemon/205.png,bug,465,generation-ii
205,-0.01762514155034093,-0.5966762795338039,0.22692125082887893,dunsparce,206,https://raw.githubusercontent.com/PokeAPI/sprites/master/sprites/pokemon/206.png,normal,415,generation-ii
206,-0.05313073929082408,-0.5861271490420844,0.5250331844162799,gligar,207,https://raw.githubusercontent.com/PokeAPI/sprites/master/sprites/pokemon/207.png,ground,430,generation-ii
207,1.2365510237984532,-3.6500117760661777,0.2700246152290399,steelix,208,https://raw.githubusercontent.com/PokeAPI/sprites/master/sprites/pokemon/208.png,steel,510,generation-ii
208,-1.7251670346095607,-0.60571630208205,0.8520250745090406,snubbull,209,https://raw.githubusercontent.com/PokeAPI/sprites/master/sprites/pokemon/209.png,fairy,300,generation-ii
209,0.4659153246905873,-0.8033642943315794,1.3752878893702147,granbull,210,https://raw.githubusercontent.com/PokeAPI/sprites/master/sprites/pokemon/210.png,fairy,450,generation-ii
210,0.10051954002481515,0.08158348148490804,0.9303523124928827,qwilfish,211,https://raw.githubusercontent.com/PokeAPI/sprites/master/sprites/pokemon/211.png,water,440,generation-ii
211,1.1014902079926114,-0.9627474494821087,1.0806084731742198,scizor,212,https://raw.githubusercontent.com/PokeAPI/sprites/master/sprites/pokemon/212.png,bug,500,generation-ii
212,1.49266300161117,-6.142677053105773,-5.1329958626302625,shuckle,213,https://raw.githubusercontent.com/PokeAPI/sprites/master/sprites/pokemon/213.png,bug,505,generation-ii
213,1.0954076031976545,-0.2713728636155279,1.0473290621119435,heracross,214,https://raw.githubusercontent.com/PokeAPI/sprites/master/sprites/pokemon/214.png,bug,500,generation-ii
214,-0.10256379391566181,1.077310640029101,0.8005113146416947,sneasel,215,https://raw.githubusercontent.com/PokeAPI/sprites/master/sprites/pokemon/215.png,dark,430,generation-ii
215,-1.303735004979946,-0.3017256867717285,0.5454433041797485,teddiursa,216,https://raw.githubusercontent.com/PokeAPI/sprites/master/sprites/pokemon/216.png,normal,330,generation-ii
216,1.191760224326753,-0.49183001626886763,1.1081758694042445,ursaring,217,https://raw.githubusercontent.com/PokeAPI/sprites/master/sprites/pokemon/217.png,normal,500,generation-ii
217,-2.42904442074029,-0.1323820775143814,-0.6507674305593669,slugma,218,https://raw.githubusercontent.com/PokeAPI/sprites/master/sprites/pokemon/218.png,fire,250,generation-ii
218,0.1801638223256515,-1.5882617998011157,-1.3810709312934208,magcargo,219,https://raw.githubusercontent.com/PokeAPI/sprites/master/sprites/pokemon/219.png,fire,430,generation-ii
219,-2.5620579852323186,0.12397734779692739,0.55185680468972,swinub,220,https://raw.githubusercontent.com/PokeAPI/sprites/master/sprites/pokemon/220.png,ice,250,generation-ii
220,0.4521598854181542,-0.7689922256544015,1.067527254992019,piloswine,221,https://raw.githubusercontent.com/PokeAPI/sprites/master/sprites/pokemon/221.png,ice,450,generation-ii
221,-0.06601150351872508,-1.3938637200290758,-1.1891595925230687,corsola,222,https://raw.githubusercontent.com/PokeAPI/sprites/master/sprites/pokemon/222.png,water,410,generation-ii
222,-1.888540988224918,1.0047621305283974,0.22394657720364766,remoraid,223,https://raw.githubusercontent.com/PokeAPI/sprites/master/sprites/pokemon/223.png,water,300,generation-ii
223,0.9218703316629843,-0.26745241423284877,-0.025190663902525813,octillery,224,https://raw.githubusercontent.com/PokeAPI/sprites/master/sprites/pokemon/224.png,water,480,generation-ii
224,-1.467903377143728,0.975562176771799,-0.07023059252860347,delibird,225,https://raw.githubusercontent.com/PokeAPI/sprites/master/sprites/pokemon/225.png,ice,330,generation-ii
225,1.0458853635240843,-0.16848237452012288,-2.3232352651107795,mantine,226,https://raw.githubusercontent.com/PokeAPI/sprites/master/sprites/pokemon/226.png,water,485,generation-ii
226,0.4871529854612601,-1.6382088285338678,0.3652963503051482,skarmory,227,https://raw.githubusercontent.com/PokeAPI/sprites/master/sprites/pokemon/227.png,steel,465,generation-ii
227,-1.3962496021416162,1.172250168281839,-0.30590724439094014,houndour,228,https://raw.githubusercontent.com/PokeAPI/sprites/master/sprites/pokemon/228.png,dark,330,generation-ii
228,1.0556266678241337,1.5233690978317762,-0.27883171419413905,houndoom,229,https://raw.githubusercontent.com/PokeAPI/sprites/master/sprites/pokemon/229.png,dark,500,generation-ii
229,1.6550880652976503,0.08353299282958301,-0.3828500900599426,kingdra,230,https://raw.githubusercontent.com/PokeAPI/sprites/master/sprites/pokemon/230.png,water,540,generation-ii
230,-1.2992704262340316,-0.6118718424258498,0.7721469075594335,phanpy,231,https://raw.githubusercontent.com/PokeAPI/sprites/master/sprites/pokemon/231.png,ground,330,generation-ii
231,1.1214922883737086,-1.5835495247258253,1.369960489594297,donphan,232,https://raw.githubusercontent.com/PokeAPI/sprites/master/sprites/pokemon/232.png,ground,500,generation-ii
232,1.40989488078667,-0.3059370878741089,-0.8453576852089353,porygon2,233,https://raw.githubusercontent.com/PokeAPI/sprites/master/sprites/pokemon/233.png,normal,515,generation-ii
233,0.5310068509737851,0.8219908863091172,0.4142148355149779,stantler,234,https://raw.githubusercontent.com/PokeAPI/sprites/master/sprites/pokemon/234.png,normal,465,generation-ii
234,-2.6203388069323674,0.6682053972071574,-0.127819801139567,smeargle,235,https://raw.githubusercontent.com/PokeAPI/sprites/master/sprites/pokemon/235.png,normal,250,generation-ii
235,-3.0906131561145225,-0.03487244347627165,-0.17027438610044446,tyrogue,236,https://raw.githubusercontent.com/PokeAPI/sprites/master/sprites/pokemon/236.png,fighting,210,generation-ii
236,0.46151784186706823,-1.0391243227686686,-0.26189810858990004,hitmontop,237,https://raw.githubusercontent.com/PokeAPI/sprites/master/sprites/pokemon/237.png,fighting,455,generation-ii
237,-1.712326551225476,1.5033583361610552,-1.342448868010401,smoochum,238,https://raw.githubusercontent.com/PokeAPI/sprites/master/sprites/pokemon/238.png,ice,305,generation-ii
238,-1.077601332384773,1.5453874303159,-0.02240360519854005,elekid,239,https://raw.githubusercontent.com/PokeAPI/sprites/master/sprites/pokemon/239.png,electric,360,generation-ii
239,-0.955053264713926,1.2861545534003023,0.1159468679628565,magby,240,https://raw.githubusercontent.com/PokeAPI/sprites/master/sprites/pokemon/240.png,fire,365,generation-ii
240,0.8166054686661028,-0.29392536110708883,0.8377476909079055,miltank,241,https://raw.githubusercontent.com/PokeAPI/sprites/master/sprites/pokemon/241.png,normal,490,generation-ii
241,2.201899819418683,0.16810236595321187,-1.0579726568938184,blissey,242,https://raw.githubusercontent.com/PokeAPI/sprites/master/sprites/pokemon/242.png,normal,540,generation-ii
242,2.1779840717297128,1.4092002306596445,-0.6638692698548962,raikou,243,https://raw.githubusercontent.com/PokeAPI/sprites/master/sprites/pokemon/243.png,electric,580,generation-ii
243,2.2044115321177133,0.5502284647712442,1.0498613970435826,entei,244,https://raw.githubusercontent.com/PokeAPI/sprites/master/sprites/pokemon/244.png,fire,580,generation-ii
244,2.290003677944948,-0.542941893673021,-0.9462071086293071,suicune,245,https://raw.githubusercontent.com/PokeAPI/sprites/master/sprites/pokemon/245.png,water,580,generation-ii
245,-1.7616389451040217,-0.2723577983322828,0.16602553148027321,larvitar,246,https://raw.githubusercontent.com/PokeAPI/sprites/master/sprites/pokemon/246.png,rock,300,generation-ii
246,-0.14401092622924413,-0.41751817518040674,0.13373167476747794,pupitar,247,https://raw.githubusercontent.com/PokeAPI/sprites/master/sprites/pokemon/247.png,rock,410,generation-ii
247,2.656812929743654,-1.0020746295477583,0.4875706093285192,tyranitar,248,https://raw.githubusercontent.com/PokeAPI/sprites/master/sprites/pokemon/248.png,rock,600,generation-ii
248,3.725861276059228,-0.5323362804137428,-1.3206161416533215,lugia,249,https://raw.githubusercontent.com/PokeAPI/sprites/master/sprites/pokemon/249.png,psychic,680,generation-ii
249,3.8604727831280665,-0.06197290482392328,-0.7854520712786575,ho-oh,250,https://raw.githubusercontent.com/PokeAPI/sprites/master/sprites/pokemon/250.png,fire,680,generation-ii
250,2.511864238491098,0.2911450370076362,-0.12528292917655576,celebi,251,https://raw.githubusercontent.com/PokeAPI/sprites/master/sprites/pokemon/251.png,psychic,600,generation-ii
251,-1.714051485956972,1.0266554511996202,-0.5769700236155743,treecko,252,https://raw.githubusercontent.com/PokeAPI/sprites/master/sprites/pokemon/252.png,grass,310,generation-iii
252,-0.3983355744243018,1.5460935685433643,-0.4155725822837957,grovyle,253,https://raw.githubusercontent.com/PokeAPI/sprites/master/sprites/pokemon/253.png,grass,405,generation-iii
253,1.378609213648596,1.7691433633446147,-0.3786603661163725,sceptile,254,https://raw.githubusercontent.com/PokeAPI/sprites/master/sprites/pokemon/254.png,grass,530,generation-iii
254,-1.6224665317679103,0.35786761832163816,-0.27393252997685086,torchic,255,https://raw.githubusercontent.com/PokeAPI/sprites/master/sprites/pokemon/255.png,fire,310,generation-iii
255,-0.25272089001085324,0.22046069687652753,0.037135344068383154,combusken,256,https://raw.githubusercontent.com/PokeAPI/sprites/master/sprites/pokemon/256.png,fire,405,generation-iii
256,1.516839835099989,0.7372497626594152,0.5609813636428475,blaziken,257,https://raw.githubusercontent.com/PokeAPI/sprites/master/sprites/pokemon/257.png,fire,530,generation-iii
257,-1.6103400469758906,-0.24854093009321881,0.22562952886100532,mudkip,258,https://raw.githubusercontent.com/PokeAPI/sprites/master/sprites/pokemon/258.png,water,310,generation-iii
258,-0.21379034880334236,-0.5056301776864726,0.21598072954434572,marshtomp,259,https://raw.githubusercontent.com/PokeAPI/sprites/master/sprites/pokemon/259.png,water,405,generation-iii
259,1.7108800387251564,-0.6317246850758071,0.3303061245861948,swampert,260,https://raw.githubusercontent.com/PokeAPI/sprites/master/sprites/pokemon/260.png,water,535,generation-iii
260,-2.9546186913477217,-0.10756086928759939,0.43774384300035735,poochyena,261,https://raw.githubusercontent.com/PokeAPI/sprites/master/sprites/pokemon/261.png,dark,220,generation-iii
261,-0.09551051933448765,0.03872842104708425,0.6383295882379392,mightyena,262,https://raw.githubusercontent.com/PokeAPI/sprites/master/sprites/pokemon/262.png,dark,420,generation-iii
262,-2.7435284322305287,0.3598834279938615,-0.20345220397184638,zigzagoon,263,https://raw.githubusercontent.com/PokeAPI/sprites/master/sprites/pokemon/263.png,normal,240,generation-iii
263,-0.19405679096762174,0.8447738810874668,0.5422936357132815,linoone,264,https://raw.githubusercontent.com/PokeAPI/sprites/master/sprites/pokemon/264.png,normal,420,generation-iii
264,-3.2486124066388027,-0.6083122868311446,0.3872526131029556,wurmple,265,https://raw.githubusercontent.com/PokeAPI/sprites/master/sprites/pokemon/265.png,bug,195,generation-iii
265,-3.110787414513237,-1.032839906386637,0.2335261907832034,silcoon,266,https://raw.githubusercontent.com/PokeAPI/sprites/master/sprites/pokemon/266.png,bug,205,generation-iii
266,-0.446624010040844,0.9476045099383045,-0.20784117070871042,beautifly,267,https://raw.githubusercontent.com/PokeAPI/sprites/master/sprites/pokemon/267.png,bug,395,generation-iii
267,-3.110787414513237,-1.032839906386637,0.2335261907832034,cascoon,268,https://raw.githubusercontent.com/PokeAPI/sprites/master/sprites/pokemon/268.png,bug,205,generation-iii
268,-0.5406743283039035,-0.2812726054861882,-0.8879594316926888,dustox,269,https://raw.githubusercontent.com/PokeAPI/sprites/master/sprites/pokemon/269.png,bug,385,generation-iii
269,-2.8790057565396783,-0.09717254303147584,-0.6446294024302994,lotad,270,https://raw.githubusercontent.com/PokeAPI/sprites/master/sprites/pokemon/270.png,water,220,generation-iii
270,-1.155166558199487,0.0031405278866496176,-0.6307858772229492,lombre,271,https://raw.githubusercontent.com/PokeAPI/sprites/master/sprites/pokemon/271.png,water,340,generation-iii
271,0.8838934903049053,0.16197076634884716,-0.9696615042650368,ludicolo,272,https://raw.githubusercontent.com/PokeAPI/sprites/master/sprites/pokemon/272.png,water,480,generation-iii
272,-2.9472028586145527,-0.5144341142298111,0.13345802314490993,seedot,273,https://raw.githubusercontent.com/PokeAPI/sprites/master/sprites/pokemon/273.png,grass,220,generation-iii
273,-1.2320616751308069,0.567171112260135,0.6237831437176012,nuzleaf,274,https://raw.githubusercontent.com/PokeAPI/sprites/master/sprites/pokemon/274.png,grass,340,generation-iii
274,0.7862570663738391,0.7685555934135673,0.7228962747728365,shiftry,275,https://raw.githubusercontent.com/PokeAPI/sprites/master/sprites/pokemon/275.png,grass,480,generation-iii
275,-2.4106027592571766,1.204396113300591,0.7235780982093244,taillow,276,https://raw.githubusercontent.com/PokeAPI/sprites/master/sprites/pokemon/276.png,normal,270,generation-iii
276,0.17553651608283852,1.8802576636962023,0.7128161697588408,swellow,277,https://raw.githubusercontent.com/PokeAPI/sprites/master/sprites/pokemon/277.png,normal,455,generation-iii
277,-2.408416125968294,1.565649243987087,-0.14239451961116964,wingull,278,https://raw.githubusercontent.com/PokeAPI/sprites/master/sprites/pokemon/278.png,water,270,generation-iii
278,0.19043269256132955,-0.20214375693538694,-1.0500900385121563,pelipper,279,https://raw.githubusercontent.com/PokeAPI/sprites/master/sprites/pokemon/279.png,water,440,generation-iii
279,-3.2823772585608446,0.45504374081540533,-0.5600736140642847,ralts,280,https://raw.githubusercontent.com/PokeAPI/sprites/master/sprites/pokemon/280.png,psychic,198,generation-iii
280,-2.1052368092265485,0.5637174438185399,-0.9058710037100474,kirlia,281,https://raw.githubusercontent.com/PokeAPI/sprites/master/sprites/pokemon/281.png,psychic,278,generation-iii
281,1.426184538776342,0.8897385528279443,-1.9432631726473353,gardevoir,282,https://raw.githubusercontent.com/PokeAPI/sprites/master/sprites/pokemon/282.png,psychic,518,generation-iii
282,-2.2993042742769814,0.8317871580286242,-0.6594022211489575,surskit,283,https://raw.githubusercontent.com/PokeAPI/sprites/master/sprites/pokemon/283.png,bug,269,generation-iii
283,0.4224919505151936,0.8596192552663436,-0.968962447498463,masquerain,284,https://raw.githubusercontent.com/PokeAPI/sprites/master/sprites/pokemon/284.png,bug,454,generation-iii
284,-1.7903011931817263,-0.7253075447148525,-0.4388526460873905,shroomish,285,https://raw.githubusercontent.com/PokeAPI/sprites/master/sprites/pokemon/285.png,grass,295,generation-iii
285,0.4657791908363588,-0.21731075054538407,1.3913522029736272,breloom,286,https://raw.githubusercontent.com/PokeAPI/sprites/master/sprites/pokemon/286.png,grass,460,generation-iii
286,-2.0424998219960266,-0.7921943669875434,0.5904157552719013,slakoth,287,https://raw.githubusercontent.com/PokeAPI/sprites/master/sprites/pokemon/287.png,normal,280,generation-iii
287,0.10618409420581768,0.2900124949955801,0.7888088081598342,vigoroth,288,https://raw.githubusercontent.com/PokeAPI/sprites/master/sprites/pokemon/288.png,normal,440,generation-iii
288,3.5314502125405793,0.16705523995604787,2.5324531448577643,slaking,289,https://raw.githubusercontent.com/PokeAPI/sprites/master/sprites/pokemon/289.png,normal,670,generation-iii
289,-2.375882683873112,-1.0540925675714032,0.16868309481834168,nincada,290,https://raw.githubusercontent.com/PokeAPI/sprites/master/sprites/pokemon/290.png,bug,266,generation-iii
290,0.06664058946434494,2.719418443424108,1.3284747797854957,ninjask,291,https://raw.githubusercontent.com/PokeAPI/sprites/master/sprites/pokemon/291.png,bug,456,generation-iii
291,-2.7971508468779787,-0.1544782509058466,0.8563578082584128,shedinja,292,https://raw.githubusercontent.com/PokeAPI/sprites/master/sprites/pokemon/292.png,bug,236,generation-iii
292,-2.592077716532333,0.18165006031349473,0.5095793263151737,whismur,293,https://raw.githubusercontent.com/PokeAPI/sprites/master/sprites/pokemon/293.png,normal,240,generation-iii
293,-0.868238518192142,0.28196313123162037,0.5234228515225239,loudred,294,https://raw.githubusercontent.com/PokeAPI/sprites/master/sprites/pokemon/294.png,normal,360,generation-iii
294,1.0231444320722465,0.31800703843886524,0.31510694512059256,exploud,295,https://raw.githubusercontent.com/PokeAPI/sprites/master/sprites/pokemon/295.png,normal,490,generation-iii
295,-2.6107774011986553,-0.5027918391700466,1.017978426830873,makuhita,296,https://raw.githubusercontent.com/PokeAPI/sprites/master/sprites/pokemon/296.png,fighting,237,generation-iii
296,0.8857769508125473,-0.7951633607571016,2.2304574088750533,hariyama,297,https://raw.githubusercontent.com/PokeAPI/sprites/master/sprites/pokemon/297.png,fighting,474,generation-iii
297,-3.3012322047177176,-0.7343537274087173,-0.32564303150396606,azurill,298,https://raw.githubusercontent.com/PokeAPI/sprites/master/sprites/pokemon/298.png,normal,190,generation-iii
298,-0.6688245901900706,-2.400776471431992,-1.4450449933367888,nosepass,299,https://raw.githubusercontent.com/PokeAPI/sprites/master/sprites/pokemon/299.png,rock,375,generation-iii
299,-2.4109075188401747,0.06376873049241179,0.26442744412809244,skitty,300,https://raw.githubusercontent.com/PokeAPI/sprites/master/sprites/pokemon/300.png,normal,260,generation-iii
300,-0.4746459615691571,0.6550286969430363,0.3705457331757341,delcatty,301,https://raw.githubusercontent.com/PokeAPI/sprites/master/sprites/pokemon/301.png,normal,400,generation-iii
301,-0.6231900509406088,-0.4277724994525568,-0.16517276031342443,sableye,302,https://raw.githubusercontent.com/PokeAPI/sprites/master/sprites/pokemon/302.png,dark,380,generation-iii
302,-0.6577259286358226,-0.7086539111890237,0.39706547603827896,mawile,303,https://raw.githubusercontent.com/PokeAPI/sprites/master/sprites/pokemon/303.png,steel,380,generation-iii
303,-1.3623594388828224,-1.5557781612672856,0.500660087261419,aron,304,https://raw.githubusercontent.com/PokeAPI/sprites/master/sprites/pokemon/304.png,steel,330,generation-iii
304,0.04801018784533385,-2.1292845163461163,0.7044804491958083,lairon,305,https://raw.githubusercontent.com/PokeAPI/sprites/master/sprites/pokemon/305.png,steel,430,generation-iii
305,1.4583798145734899,-2.7027908714249467,0.9083008111301974,aggron,306,https://raw.githubusercontent.com/PokeAPI/sprites/master/sprites/pokemon/306.png,steel,530,generation-iii
306,-2.154894175467041,0.11524482511917787,-0.5212277007816033,meditite,307,https://raw.githubusercontent.com/PokeAPI/sprites/master/sprites/pokemon/307.png,fighting,280,generation-iii
307,-0.27125238005535635,0.18408806037843953,-0.4033997267435509,medicham,308,https://raw.githubusercontent.com/PokeAPI/sprites/master/sprites/pokemon/308.png,fighting,410,generation-iii
308,-1.951531439803706,0.8999978112964422,-0.26995468835461256,electrike,309,https://raw.githubusercontent.com/PokeAPI/sprites/master/sprites/pokemon/309.png,electric,295,generation-iii
309,0.5866893559432639,1.6836456835784623,-0.10514206526854063,manectric,310,https://raw.githubusercontent.com/PokeAPI/sprites/master/sprites/pokemon/310.png,electric,475,generation-iii
310,-0.35813415658755543,1.5832516122894629,-0.8543364336015494,plusle,311,https://raw.githubusercontent.com/PokeAPI/sprites/master/sprites/pokemon/311.png,electric,405,generation-iii
311,-0.35118742028327643,1.2172617151705263,-1.168075713444492,minun,312,https://raw.githubusercontent.com/PokeAPI/sprites/master/sprites/pokemon/312.png,electric,405,generation-iii
312,0.028161210827075244,0.03896907476427362,-0.10019248171075183,volbeat,313,https://raw.githubusercontent.com/PokeAPI/sprites/master/sprites/pokemon/313.png,bug,430,generation-iii
313,0.030435309447513447,0.4146723306782297,-1.0008040042440656,illumise,314,https://raw.githubusercontent.com/PokeAPI/sprites/master/sprites/pokemon/314.png,bug,430,generation-iii
314,-0.31753906003646526,0.9083064370705466,-1.19097811966241,roselia,315,https://raw.githubusercontent.com/PokeAPI/sprites/master/sprites/pokemon/315.png,grass,400,generation-iii
315,-1.7000475390563032,-0.4182762926014589,-0.12628985274571022,gulpin,316,https://raw.githubusercontent.com/PokeAPI/sprites/master/sprites/pokemon/316.png,poison,302,generation-iii
316,0.7263944892558634,-0.6360168578736449,-0.17473063781490328,swalot,317,https://raw.githubusercontent.com/PokeAPI/sprites/master/sprites/pokemon/317.png,poison,467,generation-iii
317,-1.8138716980453982,1.3163827226458635,1.2102088532470385,carvanha,318,https://raw.githubusercontent.com/PokeAPI/sprites/master/sprites/pokemon/318.png,water,305,generation-iii
318,0.3905595214604078,1.7475057337361135,1.4074515906377703,sharpedo,319,https://raw.githubusercontent.com/PokeAPI/sprites/master/sprites/pokemon/319.png,water,460,generation-iii
319,-0.2762821341962079,0.6335976730037189,1.2313649530591844,wailmer,320,https://raw.githubusercontent.com/PokeAPI/sprites/master/sprites/pokemon/320.png,water,400,generation-iii
320,1.2533136198874104,0.4449426639552472,1.589372286082704,wailord,321,https://raw.githubusercontent.com/PokeAPI/sprites/master/sprites/pokemon/321.png,water,500,generation-iii
321,-1.6465842407081837,0.03593083329505671,0.012266337473775007,numel,322,https://raw.githubusercontent.com/PokeAPI/sprites/master/sprites/pokemon/322.png,fire,305,generation-iii
322,0.6485209571600371,-0.2632720981903441,-0.20501112132908234,camerupt,323,https://raw.githubusercontent.com/PokeAPI/sprites/master/sprites/pokemon/323.png,fire,460,generation-iii
323,0.7739465512121836,-2.339629955057083,-0.2930024145169121,torkoal,324,https://raw.githubusercontent.com/PokeAPI/sprites/master/sprites/pokemon/324.png,fire,470,generation-iii
324,-1.3015644321978046,0.6623924305052092,-1.467475600193681,spoink,325,https://raw.githubusercontent.com/PokeAPI/sprites/master/sprites/pokemon/325.png,psychic,330,generation-iii
325,0.7237010456111203,0.4977870145397051,-1.682101748981388,grumpig,326,https://raw.githubusercontent.com/PokeAPI/sprites/master/sprites/pokemon/326.png,psychic,470,generation-iii
326,-0.9358141581892835,0.0905188951713851,-0.1529699795912564,spinda,327,https://raw.githubusercontent.com/PokeAPI/sprites/master/sprites/pokemon/327.png,normal,360,generation-iii
327,-1.7930192379888938,-0.9633050408071342,0.8622278354669481,trapinch,328,https://raw.githubusercontent.com/PokeAPI/sprites/master/sprites/pokemon/328.png,ground,290,generation-iii
328,-1.2917065085796509,0.48787941320552985,0.3640416746214424,vibrava,329,https://raw.githubusercontent.com/PokeAPI/sprites/master/sprites/pokemon/329.png,ground,340,generation-iii
329,1.2940522889306358,0.6383490195827182,0.3848069624324678,flygon,330,https://raw.githubusercontent.com/PokeAPI/sprites/master/sprites/pokemon/330.png,ground,520,generation-iii
330,-1.227798404950641,0.29082061077015187,0.29781547938750463,cacnea,331,https://raw.githubusercontent.com/PokeAPI/sprites/master/sprites/pokemon/331.png,grass,335,generation-iii
331,0.7905203365540048,0.49220509192358425,0.39692861044273986,cacturne,332,https://raw.githubusercontent.com/PokeAPI/sprites/master/sprites/pokemon/332.png,grass,475,generation-iii
332,-1.619372691704551,-0.40629636514350337,-0.858862393867147,swablu,333,https://raw.githubusercontent.com/PokeAPI/sprites/master/sprites/pokemon/333.png,normal,310,generation-iii
333,0.9663861058057355,-0.25582675876631517,-0.8380971060561215,altaria,334,https://raw.githubusercontent.com/PokeAPI/sprites/master/sprites/pokemon/334.png,dragon,490,generation-iii
334,0.3979762034843775,0.6665963865055587,1.30768324533332,zangoose,335,https://raw.githubusercontent.com/PokeAPI/sprites/master/sprites/pokemon/335.png,normal,458,generation-iii
335,0.502952980394184,0.5766304736392143,0.34635691824026854,seviper,336,https://raw.githubusercontent.com/PokeAPI/sprites/master/sprites/pokemon/336.png,poison,458,generation-iii
336,0.5790740774511605,0.4211948849996239,-0.9183066368796649,lunatone,337,https://raw.githubusercontent.com/PokeAPI/sprites/master/sprites/pokemon/337.png,rock,460,generation-iii
337,0.5082530154296266,-0.4295704430225068,0.8989479300801372,solrock,338,https://raw.githubusercontent.com/PokeAPI/sprites/master/sprites/pokemon/338.png,rock,460,generation-iii
338,-2.024461052187811,0.43936103274123683,0.0996643208020649,barboach,339,https://raw.githubusercontent.com/PokeAPI/sprites/master/sprites/pokemon/339.png,water,288,generation-iii
339,0.7220719981407171,-0.24099921115691528,0.29397080934475867,whiscash,340,https://raw.githubusercontent.com/PokeAPI/sprites/master/sprites/pokemon/340.png,water,468,generation-iii
340,-1.678996846303683,-0.5755339292275871,0.6693748340427413,corphish,341,https://raw.githubusercontent.com/PokeAPI/sprites/master/sprites/pokemon/341.png,water,308,generation-iii
341,0.6338014383654178,-0.2730780378388478,0.8537575709458615,crawdaunt,342,https://raw.githubusercontent.com/PokeAPI/sprites/master/sprites/pokemon/342.png,water,468,generation-iii
342,-1.7968815402419582,-0.13536547998913187,-0.7735510903248966,baltoy,343,https://raw.githubusercontent.com/PokeAPI/sprites/master/sprites/pokemon/343.png,ground,300,generation-iii
343,1.1257160396688892,-0.7287364594865886,-1.3598469812548328,claydol,344,https://raw.githubusercontent.com/PokeAPI/sprites/master/sprites/pokemon/344.png,ground,500,generation-iii
344,-0.817102472479828,-1.2977083713092856,-1.294977193189547,lileep,345,https://raw.githubusercontent.com/PokeAPI/sprites/master/sprites/pokemon/345.png,rock,355,generation-iii
345,1.2003416157092646,-1.2408251424304517,-0.8494750150061143,cradily,346,https://raw.githubusercontent.com/PokeAPI/sprites/master/sprites/pokemon/346.png,rock,495,generation-iii
346,-1.0991732033115678,0.4492774211140194,1.0052511780264237,anorith,347,https://raw.githubusercontent.com/PokeAPI/sprites/master/sprites/pokemon/347.png,rock,355,generation-iii
347,1.117083572495312,-1.2743923054517878,0.7365716895450239,armaldo,348,https://raw.githubusercontent.com/PokeAPI/sprites/master/sprites/pokemon/348.png,rock,495,generation-iii
348,-3.3809006670447252,1.025862496199419,-0.6587456917214328,feebas,349,https://raw.githubusercontent.com/PokeAPI/sprites/master/sprites/pokemon/349.png,water,200,generation-iii
349,1.7806579912402294,0.18803075754534834,-1.6704005552054233,milotic,350,https://raw.githubusercontent.com/PokeAPI/sprites/master/sprites/pokemon/350.png,water,540,generation-iii
350,-0.07389455901918812,0.1406754306304478,-0.14604821698758128,castform,351,https://raw.githubusercontent.com/PokeAPI/sprites/master/sprites/pokemon/351.png,normal,420,generation-iii
351,0.43131585674296236,-1.0518370688580847,-0.9370235960088888,kecleon,352,https://raw.githubusercontent.com/PokeAPI/sprites/master/sprites/pokemon/352.png,normal,440,generation-iii
352,-1.8733827348997898,0.45207402837446065,0.5116309742489167,shuppet,353,https://raw.githubusercontent.com/PokeAPI/sprites/master/sprites/pokemon/353.png,ghost,295,generation-iii
353,0.4454876327580367,0.24403877036966484,0.7286634784372924,banette,354,https://raw.githubusercontent.com/PokeAPI/sprites/master/sprites/pokemon/354.png,ghost,455,generation-iii
354,-1.7791210207669168,-1.7624434417514885,-1.4557771246753586,duskull,355,https://raw.githubusercontent.com/PokeAPI/sprites/master/sprites/pokemon/355.png,ghost,295,generation-iii
355,0.6296279207443701,-2.5818428298978144,-1.9058781054505294,dusclops,356,https://raw.githubusercontent.com/PokeAPI/sprites/master/sprites/pokemon/356.png,ghost,455,generation-iii
356,0.6467783262460017,-0.758188091514283,-0.3873064992897493,tropius,357,https://raw.githubusercontent.com/PokeAPI/sprites/master/sprites/pokemon/357.png,grass,460,generation-iii
357,0.49745903692789134,0.0234118085000539,-1.3258117437131152,chimecho,358,https://raw.githubusercontent.com/PokeAPI/sprites/master/sprites/pokemon/358.png,psychic,455,generation-iii
358,0.552536671375745,0.475169198736236,1.2831940221603677,absol,359,https://raw.githubusercontent.com/PokeAPI/sprites/master/sprites/pokemon/359.png,dark,465,generation-iii
359,-2.2207722775320486,-0.9839393199800418,-0.0010666546314447012,wynaut,360,https://raw.githubusercontent.com/PokeAPI/sprites/master/sprites/pokemon/360.png,psychic,260,generation-iii
360,-1.797733757359379,0.0403623597123223,-0.1598917421949316,snorunt,361,https://raw.githubusercontent.com/PokeAPI/sprites/master/sprites/pokemon/361.png,ice,300,generation-iii
361,0.7880250401509075,0.19083196608951056,-0.13912645438390608,glalie,362,https://raw.githubusercontent.com/PokeAPI/sprites/master/sprites/pokemon/362.png,ice,480,generation-iii
362,-1.8166204076843737,-0.5531528443739073,-0.34837548614201164,spheal,363,https://raw.githubusercontent.com/PokeAPI/sprites/master/sprites/pokemon/363.png,ice,290,generation-iii
363,-0.09278120934418291,-0.4528397734557818,-0.33453196093466125,sealeo,364,https://raw.githubusercontent.com/PokeAPI/sprites/master/sprites/pokemon/364.png,ice,410,generation-iii
364,1.6310579889960084,-0.3525267025376563,-0.320688435727311,walrein,365,https://raw.githubusercontent.com/PokeAPI/sprites/master/sprites/pokemon/365.png,ice,530,generation-iii
365,-1.1163085949661462,-0.8244060001543108,-0.5432635395052196,clamperl,366,https://raw.githubusercontent.com/PokeAPI/sprites/master/sprites/pokemon/366.png,water,345,generation-iii
366,0.9011354932229467,-0.7675227712754767,-0.09776136132178673,huntail,367,https://raw.githubusercontent.com/PokeAPI/sprites/master/sprites/pokemon/367.png,water,485,generation-iii
367,0.9028847998540528,-0.47852026672627984,-0.790539455578182,gorebyss,368,https://raw.githubusercontent.com/PokeAPI/sprites/master/sprites/pokemon/368.png,water,485,generation-iii
368,0.8901318965511857,-1.8441012753532455,0.9279752726907655,relicanth,369,https://raw.githubusercontent.com/PokeAPI/sprites/master/sprites/pokemon/369.png,water,485,generation-iii
369,-1.5334281282523239,0.9400315528065432,-0.6533283622944748,luvdisc,370,https://raw.githubusercontent.com/PokeAPI/sprites/master/sprites/pokemon/370.png,water,330,generation-iii
370,-1.8595110181278607,-0.19308735201330052,0.8962576910827645,bagon,371,https://raw.githubusercontent.com/PokeAPI/sprites/master/sprites/pokemon/371.png,dragon,300,generation-iii
371,-0.0803291236294231,-0.9850198229731724,0.8052059676782719,shelgon,372,https://raw.githubusercontent.com/PokeAPI/sprites/master/sprites/pokemon/372.png,dragon,420,generation-iii
372,2.4905960364934656,0.88350103629052,0.9045071164661959,salamence,373,https://raw.githubusercontent.com/PokeAPI/sprites/master/sprites/pokemon/373.png,dragon,600,generation-iii
373,-1.7488818037016727,-1.2803687907826926,-0.29348686942827823,beldum,374,https://raw.githubusercontent.com/PokeAPI/sprites/master/sprites/pokemon/374.png,steel,300,generation-iii
374,-0.025042605361481847,-1.1800557198645674,-0.2796433442209279,metang,375,https://raw.githubusercontent.com/PokeAPI/sprites/master/sprites/pokemon/375.png,steel,420,generation-iii
375,2.5476993447768597,-1.0574098299769878,0.5522472348817806,metagross,376,https://raw.githubusercontent.com/PokeAPI/sprites/master/sprites/pokemon/376.png,steel,600,generation-iii
376,2.2616429312663904,-3.493707418508138,0.025757442904336642,regirock,377,https://raw.githubusercontent.com/PokeAPI/sprites/master/sprites/pokemon/377.png,rock,580,generation-iii
377,2.602628441640763,-1.4073995625164617,-3.8646796849717098,regice,378,https://raw.githubusercontent.com/PokeAPI/sprites/master/sprites/pokemon/378.png,ice,580,generation-iii
378,2.432135686453577,-2.4505534905123,-1.9194611210336865,registeel,379,https://raw.githubusercontent.com/PokeAPI/sprites/master/sprites/pokemon/379.png,steel,580,generation-iii
379,2.5212911604326815,0.7736161614259648,-1.5095008709761215,latias,380,https://raw.githubusercontent.com/PokeAPI/sprites/master/sprites/pokemon/380.png,dragon,600,generation-iii
380,2.4944777704442096,1.3266615535107347,-1.104161880164054,latios,381,https://raw.githubusercontent.com/PokeAPI/sprites/master/sprites/pokemon/381.png,dragon,600,generation-iii
381,3.680331030377957,0.6031759138453762,-1.7065463983488334,kyogre,382,https://raw.githubusercontent.com/PokeAPI/sprites/master/sprites/pokemon/382.png,water,670,generation-iii
382,3.5076516419018886,-0.8012311448369579,1.1046447834096838,groudon,383,https://raw.githubusercontent.com/PokeAPI/sprites/master/sprites/pokemon/383.png,ground,670,generation-iii
383,3.709631383647679,0.9229489333552435,0.5584583075132044,rayquaza,384,https://raw.githubusercontent.com/PokeAPI/sprites/master/sprites/pokemon/384.png,dragon,680,generation-iii
384,2.511864238491098,0.2911450370076362,-0.12528292917655576,jirachi,385,https://raw.githubusercontent.com/PokeAPI/sprites/master/sprites/pokemon/385.png,steel,600,generation-iii
385,2.2091734689393014,3.5058109397278865,1.1541781354853746,deoxys-normal,386,https://raw.githubusercontent.com/PokeAPI/sprites/master/sprites/pokemon/386.png,psychic,600,generation-iii
386,-1.4580204335394582,-0.8552957666331116,0.1382980494259682,turtwig,387,https://raw.githubusercontent.com/PokeAPI/sprites/master/sprites/pokemon/387.png,grass,318,generation-iv
387,-0.18065035731468956,-1.203946459327672,0.45660656241276454,grotle,388,https://raw.githubusercontent.com/PokeAPI/sprites/master/sprites/pokemon/388.png,grass,405,generation-iv
388,1.5431888410255015,-1.1036333884095464,0.47045008762011487,torterra,389,https://raw.githubusercontent.com/PokeAPI/sprites/master/sprites/pokemon/389.png,grass,525,generation-iv
389,-1.7220551513399973,0.5690732739689386,0.033766197694149985,chimchar,390,https://raw.githubusercontent.com/PokeAPI/sprites/master/sprites/pokemon/390.png,fire,309,generation-iv
390,-0.3599274883622868,0.9872885291474197,0.32177333169556893,monferno,391,https://raw.githubusercontent.com/PokeAPI/sprites/master/sprites/pokemon/391.png,fire,405,generation-iv
391,1.4569625558982984,1.371743576858558,0.3587341960906965,infernape,392,https://raw.githubusercontent.com/PokeAPI/sprites/master/sprites/pokemon/392.png,fire,534,generation-iv
392,-1.5381880957290155,-0.1804148616514562,-0.43205528120253617,piplup,393,https://raw.githubusercontent.com/PokeAPI/sprites/master/sprites/pokemon/393.png,water,314,generation-iv
393,-0.20472490045307581,-0.18607026431040521,-0.6626946839140959,prinplup,394,https://raw.githubusercontent.com/PokeAPI/sprites/master/sprites/pokemon/394.png,water,405,generation-iv
394,1.6443520926238049,-0.24057889175901695,-0.9366279770716883,empoleon,395,https://raw.githubusercontent.com/PokeAPI/sprites/master/sprites/pokemon/395.png,water,530,generation-iv
395,-2.6761307079207097,0.590712493884967,0.6082346434089603,starly,396,https://raw.githubusercontent.com/PokeAPI/sprites/master/sprites/pokemon/396.png,normal,245,generation-iv
396,-1.3474136582804666,0.6482433150884526,0.9228050964503975,staravia,397,https://raw.githubusercontent.com/PokeAPI/sprites/master/sprites/pokemon/397.png,normal,340,generation-iv
397,0.7555571512023413,0.540012916543647,1.7107661073487093,staraptor,398,https://raw.githubusercontent.com/PokeAPI/sprites/master/sprites/pokemon/398.png,normal,485,generation-iv
398,-2.452055810270285,-0.3627635926255057,0.16242782781569434,bidoof,399,https://raw.githubusercontent.com/PokeAPI/sprites/master/sprites/pokemon/399.png,normal,250,generation-iv
399,-0.222189363150366,0.1850665317858273,0.7002047698394186,bibarel,400,https://raw.githubusercontent.com/PokeAPI/sprites/master/sprites/pokemon/400.png,normal,410,generation-iv
400,-3.278487591648852,-0.5466623607397789,-0.4179662884993689,kricketot,401,https://raw.githubusercontent.com/PokeAPI/sprites/master/sprites/pokemon/401.png,bug,194,generation-iv
401,-0.5891602417657731,0.2825030684531172,0.8573481575167424,kricketune,402,https://raw.githubusercontent.com/PokeAPI/sprites/master/sprites/pokemon/402.png,bug,384,generation-iv
402,-2.3404961236311346,0.20187141988801588,0.5849025311939547,shinx,403,https://raw.githubusercontent.com/PokeAPI/sprites/master/sprites/pokemon/403.png,electric,263,generation-iv
403,-0.9003769532937637,0.3276419281942633,0.6379199780234098,luxio,404,https://raw.githubusercontent.com/PokeAPI/sprites/master/sprites/pokemon/404.png,electric,363,generation-iv
404,1.4603966597964302,0.06917017981546987,0.5050608560873848,luxray,405,https://raw.githubusercontent.com/PokeAPI/sprites/master/sprites/pokemon/405.png,electric,523,generation-iv
405,-2.0637719420154785,0.4104344186309648,-1.1073196526815428,budew,406,https://raw.githubusercontent.com/PokeAPI/sprites/master/sprites/pokemon/406.png,grass,280,generation-iv
406,1.3104111111225887,1.2137995723223427,-1.650239254938449,roserade,407,https://raw.githubusercontent.com/PokeAPI/sprites/master/sprites/pokemon/407.png,grass,515,generation-iv
407,-1.1044062897050668,0.103995477742515,2.384260221898339,cranidos,408,https://raw.githubusercontent.com/PokeAPI/sprites/master/sprites/pokemon/408.png,rock,350,generation-iv
408,1.0819336839846991,-0.17735852768758503,2.6456325041119477,rampardos,409,https://raw.githubusercontent.com/PokeAPI/sprites/master/sprites/pokemon/409.png,rock,495,generation-iv
409,-1.0182775003499587,-2.0771402123667344,-1.415466576713479,shieldon,410,https://raw.githubusercontent.com/PokeAPI/sprites/master/sprites/pokemon/410.png,rock,350,generation-iv
410,1.1889026822526443,-3.456463909153645,-2.0953121340286973,bastiodon,411,https://raw.githubusercontent.com/PokeAPI/sprites/master/sprites/pokemon/411.png,rock,495,generation-iv
411,-2.8753521860621736,-0.35162134955389285,-0.3932998609968671,burmy,412,https://raw.githubusercontent.com/PokeAPI/sprites/master/sprites/pokemon/412.png,bug,224,generation-iv
412,0.16383845577751593,-1.053986402612075,-1.5488391462709135,wormadam-plant,413,https://raw.githubusercontent.com/PokeAPI/sprites/master/sprites/pokemon/413.png,bug,424,generation-iv
413,-0.012480686148129447,0.814894409855944,0.4970832322693988,mothim,414,https://raw.githubusercontent.com/PokeAPI/sprites/master/sprites/pokemon/414.png,bug,424,generation-iv
414,-2.735016702475437,0.6040408955988392,-0.2633493485157679,combee,415,https://raw.githubusercontent.com/PokeAPI/sprites/master/sprites/pokemon/415.png,bug,244,generation-iv
415,0.8665155400489751,-1.3424126604606093,-0.9302937136843165,vespiquen,416,https://raw.githubusercontent.com/PokeAPI/sprites/master/sprites/pokemon/416.png,bug,474,generation-iv
416,-0.3692805614898912,0.40461203269490703,-0.7921820888561943,pachirisu,417,https://raw.githubusercontent.com/PokeAPI/sprites/master/sprites/pokemon/417.png,electric,405,generation-iv
417,-1.5141238602332052,1.4035107709711325,0.7005498148300614,buizel,418,https://raw.githubusercontent.com/PokeAPI/sprites/master/sprites/pokemon/418.png,water,330,generation-iv
418,0.8431725536127967,1.7357907775848285,1.2308939634442637,floatzel,419,https://raw.githubusercontent.com/PokeAPI/sprites/master/sprites/pokemon/419.png,water,495,generation-iv
419,-2.0966211127869268,-0.05115300259909787,-0.8249984022806472,cherubi,420,https://raw.githubusercontent.com/PokeAPI/sprites/master/sprites/pokemon/420.png,grass,275,generation-iv
420,0.3237058338018455,0.687921955464183,-0.692350540971095,cherrim,421,https://raw.githubusercontent.com/PokeAPI/sprites/master/sprites/pokemon/421.png,grass,450,generation-iv
421,-1.303895415534915,-0.3809164451628341,-0.3632389255070404,shellos,422,https://raw.githubusercontent.com/PokeAPI/sprites/master/sprites/pokemon/422.png,water,325,generation-iv
422,0.9420502239610788,-0.5444111840294185,-0.13472039116202852,gastrodon,423,https://raw.githubusercontent.com/PokeAPI/sprites/master/sprites/pokemon/423.png,water,475,generation-iv
423,0.6561167718567735,1.1476073281887005,0.9829977957707282,ambipom,424,https://raw.githubusercontent.com/PokeAPI/sprites/master/sprites/pokemon/424.png,normal,482,generation-iv
424,-1.113162207128351,0.8878166591672453,0.3611531431108207,drifloon,425,https://raw.githubusercontent.com/PokeAPI/sprites/master/sprites/pokemon/425.png,ghost,348,generation-iv
425,1.1367294637281222,0.9827668368026022,1.0585363615637744,drifblim,426,https://raw.githubusercontent.com/PokeAPI/sprites/master/sprites/pokemon/426.png,ghost,498,generation-iv
426,-1.1796189431317705,0.85719693235748,0.34773456017178556,buneary,427,https://raw.githubusercontent.com/PokeAPI/sprites/master/sprites/pokemon/427.png,normal,350,generation-iv
427,0.6927906739099398,0.3580714549319029,-0.2846153172895654,lopunny,428,https://raw.githubusercontent.com/PokeAPI/sprites/master/sprites/pokemon/428.png,normal,480,generation-iv
428,0.9606299751439815,1.4584766640678317,-1.5325879460730711,mismagius,429,https://raw.githubusercontent.com/PokeAPI/sprites/master/sprites/pokemon/429.png,ghost,495,generation-iv
429,1.1978503380226069,0.857986638605297,1.3118665543313217,honchkrow,430,https://raw.githubusercontent.com/PokeAPI/sprites/master/sprites/pokemon/430.png,dark,505,generation-iv
430,-1.8116282446044456,1.0376492563086412,0.49740854439934046,glameow,431,https://raw.githubusercontent.com/PokeAPI/sprites/master/sprites/pokemon/431.png,normal,310,generation-iv
431,0.21110168576469665,1.259872897691881,0.6436197763315192,purugly,432,https://raw.githubusercontent.com/PokeAPI/sprites/master/sprites/pokemon/432.png,normal,452,generation-iv
432,-2.0028298881167284,0.16096989258034994,-0.8624508915066724,chingling,433,https://raw.githubusercontent.com/PokeAPI/sprites/master/sprites/pokemon/433.png,psychic,285,generation-iv
433,-1.4681038954588017,0.5678877968314185,0.6859361920680108,stunky,434,https://raw.githubusercontent.com/PokeAPI/sprites/master/sprites/pokemon/434.png,poison,329,generation-iv
434,0.7636088607234184,0.4608591589008736,0.946880838864504,skuntank,435,https://raw.githubusercontent.com/PokeAPI/sprites/master/sprites/pokemon/435.png,poison,479,generation-iv
435,-1.65315433010609,-1.8609370536106213,-1.2558653607845405,bronzor,436,https://raw.githubusercontent.com/PokeAPI/sprites/master/sprites/pokemon/436.png,steel,300,generation-iv
436,1.2835782171659704,-1.9075110668795827,-1.1063403933674565,bronzong,437,https://raw.githubusercontent.com/PokeAPI/sprites/master/sprites/pokemon/437.png,steel,500,generation-iv
437,-1.8541800354193796,-2.3686088918533543,0.9079692172178848,bonsly,438,https://raw.githubusercontent.com/PokeAPI/sprites/master/sprites/pokemon/438.png,rock,290,generation-iv
438,-1.6393485410150455,0.5233532862570353,-2.1118830695115456,mime-jr,439,https://raw.githubusercontent.com/PokeAPI/sprites/master/sprites/pokemon/439.png,psychic,310,generation-iv
439,-2.739779722996899,-0.13345052020737494,-0.5513602655152843,happiny,440,https://raw.githubusercontent.com/PokeAPI/sprites/master/sprites/pokemon/440.png,normal,220,generation-iv
440,-0.3073099544822344,1.5998521251373108,0.25590692016120875,chatot,441,https://raw.githubusercontent.com/PokeAPI/sprites/master/sprites/pokemon/441.png,normal,411,generation-iv
441,1.0280359756518673,-1.4398751128738156,-1.1960895796853652,spiritomb,442,https://raw.githubusercontent.com/PokeAPI/sprites/master/sprites/pokemon/442.png,ghost,485,generation-iv
442,-1.759645971399984,-0.2149491968801979,0.5628391219472808,gible,443,https://raw.githubusercontent.com/PokeAPI/sprites/master/sprites/pokemon/443.png,dragon,300,generation-iv
443,-0.29840786136466135,0.34926343768521867,0.9176921144136586,gabite,444,https://raw.githubusercontent.com/PokeAPI/sprites/master/sprites/pokemon/444.png,dragon,410,generation-iv
444,2.4877447986761565,0.20107483961764783,1.2121337956232814,garchomp,445,https://raw.githubusercontent.com/PokeAPI/sprites/master/sprites/pokemon/445.png,dragon,600,generation-iv
445,-0.09870992666031508,-1.5548430629751901,0.6310724493269693,munchlax,446,https://raw.githubusercontent.com/PokeAPI/sprites/master/sprites/pokemon/446.png,normal,390,generation-iv
446,-2.080662211945298,0.354614791099345,0.6382290988258867,riolu,447,https://raw.githubusercontent.com/PokeAPI/sprites/master/sprites/pokemon/447.png,fighting,285,generation-iv
447,1.3902845216894597,1.0973011327316509,0.22202510992417174,lucario,448,https://raw.githubusercontent.com/PokeAPI/sprites/master/sprites/pokemon/448.png,fighting,525,generation-iv
448,-1.3146802691373027,-1.163654748117039,0.7357880278932011,hippopotas,449,https://raw.githubusercontent.com/PokeAPI/sprites/master/sprites/pokemon/449.png,ground,330,generation-iv
449,1.552249328715345,-1.6352293932404836,1.0008507757569756,hippowdon,450,https://raw.githubusercontent.com/PokeAPI/sprites/master/sprites/pokemon/450.png,ground,525,generation-iv
450,-1.474271795572516,-0.6402621700357815,-0.0698713622128458,skorupi,451,https://raw.githubusercontent.com/PokeAPI/sprites/master/sprites/pokemon/451.png,poison,330,generation-iv
451,0.9568631673934878,-0.24658899779460924,0.39519292608127826,drapion,452,https://raw.githubusercontent.com/PokeAPI/sprites/master/sprites/pokemon/452.png,poison,500,generation-iv
452,-1.8071930587615115,0.4227533649865625,0.1415776084666588,croagunk,453,https://raw.githubusercontent.com/PokeAPI/sprites/master/sprites/pokemon/453.png,poison,300,generation-iv
453,0.907224605549536,0.7187184737023135,0.7406624987027768,toxicroak,454,https://raw.githubusercontent.com/PokeAPI/sprites/master/sprites/pokemon/454.png,poison,490,generation-iv
454,0.5311664362395249,-0.33360457619785455,0.12549044932114956,carnivine,455,https://raw.githubusercontent.com/PokeAPI/sprites/master/sprites/pokemon/455.png,grass,454,generation-iv
455,-1.4085964405949738,0.23507404469505913,-0.3531588567922323,finneon,456,https://raw.githubusercontent.com/PokeAPI/sprites/master/sprites/pokemon/456.png,water,330,generation-iv
456,0.4521202234400224,0.425989257640869,-0.42732635642944994,lumineon,457,https://raw.githubusercontent.com/PokeAPI/sprites/master/sprites/pokemon/457.png,water,460,generation-iv
457,-0.9975590289590939,-0.20585577412052058,-2.545047687979533,mantyke,458,https://raw.githubusercontent.com/PokeAPI/sprites/master/sprites/pokemon/458.png,water,345,generation-iv
458,-1.2232231360317558,-0.17956439514130362,-0.22188057987619506,snover,459,https://raw.githubusercontent.com/PokeAPI/sprites/master/sprites/pokemon/459.png,grass,334,generation-iv
459,1.1056113422787506,-0.14210899308854996,-0.1330178369877866,abomasnow,460,https://raw.githubusercontent.com/PokeAPI/sprites/master/sprites/pokemon/460.png,grass,494,generation-iv
460,1.0594607711768569,1.0791598761292631,1.1831692913927827,weavile,461,https://raw.githubusercontent.com/PokeAPI/sprites/master/sprites/pokemon/461.png,dark,510,generation-iv
461,1.6435157287542315,-0.39954031130521767,-1.4482588767032187,magnezone,462,https://raw.githubusercontent.com/PokeAPI/sprites/master/sprites/pokemon/462.png,electric,535,generation-iv
462,1.4743399346344748,-1.0482330750210975,-0.20037510140080292,lickilicky,463,https://raw.githubusercontent.com/PokeAPI/sprites/master/sprites/pokemon/463.png,normal,515,generation-iv
463,1.6846645938983673,-2.1810353106233116,2.185492216465931,rhyperior,464,https://raw.githubusercontent.com/PokeAPI/sprites/master/sprites/pokemon/464.png,ground,535,generation-iv
464,1.6254729986443917,-0.9937133599461282,0.608491992664528,tangrowth,465,https://raw.githubusercontent.com/PokeAPI/sprites/master/sprites/pokemon/465.png,grass,535,generation-iv
465,1.6299312615026262,0.8942919303354024,0.5074375163161722,electivire,466,https://raw.githubusercontent.com/PokeAPI/sprites/master/sprites/pokemon/466.png,electric,540,generation-iv
466,1.702006046999877,0.9646154019248886,-0.7660880496842687,magmortar,467,https://raw.githubusercontent.com/PokeAPI/sprites/master/sprites/pokemon/467.png,fire,540,generation-iv
467,1.8054543199248128,0.20547107859162062,-2.0438844662044535,togekiss,468,https://raw.githubusercontent.com/PokeAPI/sprites/master/sprites/pokemon/468.png,fairy,545,generation-iv
468,1.194364455194806,1.0247333962717187,-0.03447994667423547,yanmega,469,https://raw.githubusercontent.com/PokeAPI/sprites/master/sprites/pokemon/469.png,bug,515,generation-iv
469,1.2707880618715186,-0.611313404639086,0.9843983014797401,leafeon,470,https://raw.githubusercontent.com/PokeAPI/sprites/master/sprites/pokemon/470.png,grass,525,generation-iv
470,1.4867481872165709,-0.17116366884208112,-1.800936331258291,glaceon,471,https://raw.githubusercontent.com/PokeAPI/sprites/master/sprites/pokemon/471.png,ice,525,generation-iv
471,1.089473832348259,-0.7583348577754165,0.7414740311222207,gliscor,472,https://raw.githubusercontent.com/PokeAPI/sprites/master/sprites/pokemon/472.png,ground,510,generation-iv
472,1.5186804538992442,-0.0064001498185014515,1.8268521084071252,mamoswine,473,https://raw.githubusercontent.com/PokeAPI/sprites/master/sprites/pokemon/473.png,ice,530,generation-iv
473,1.568707154965454,1.3286792229567572,-0.6416853533788528,porygon-z,474,https://raw.githubusercontent.com/PokeAPI/sprites/master/sprites/pokemon/474.png,normal,535,generation-iv
474,1.4209366188830235,0.02273103918035341,0.13507111012185022,gallade,475,https://raw.githubusercontent.com/PokeAPI/sprites/master/sprites/pokemon/475.png,psychic,518,generation-iv
475,1.6457731592240066,-2.4893327633351556,-2.602070932398431,probopass,476,https://raw.githubusercontent.com/PokeAPI/sprites/master/sprites/pokemon/476.png,rock,525,generation-iv
476,1.586910601838665,-2.2428416930680233,-1.29363783504837,dusknoir,477,https://raw.githubusercontent.com/PokeAPI/sprites/master/sprites/pokemon/477.png,ghost,525,generation-iv
477,0.6454297020069198,1.2236406319307527,0.12377091654088639,froslass,478,https://raw.githubusercontent.com/PokeAPI/sprites/master/sprites/pokemon/478.png,ice,480,generation-iv
478,0.11612997509441425,0.8840620716154322,-1.1751153389896924,rotom,479,https://raw.githubusercontent.com/PokeAPI/sprites/master/sprites/pokemon/479.png,electric,440,generation-iv
479,2.227332136574722,-0.8003510839674854,-1.3068957788182674,uxie,480,https://raw.githubusercontent.com/PokeAPI/sprites/master/sprites/pokemon/480.png,psychic,580,generation-iv
480,2.2777895967338786,-0.21878572553129666,-0.4971266247518369,mesprit,481,https://raw.githubusercontent.com/PokeAPI/sprites/master/sprites/pokemon/481.png,psychic,580,generation-iv
481,2.1035945345154197,1.7854637840433267,0.5825450582317925,azelf,482,https://raw.githubusercontent.com/PokeAPI/sprites/master/sprites/pokemon/482.png,psychic,580,generation-iv
482,3.7054084951636796,0.2148747571313601,-0.4051807460929517,dialga,483,https://raw.githubusercontent.com/PokeAPI/sprites/master/sprites/pokemon/483.png,steel,680,generation-iv
483,3.7191395263169205,0.7645783594802105,-0.8947261914505195,palkia,484,https://raw.githubusercontent.com/PokeAPI/sprites/master/sprites/pokemon/484.png,water,680,generation-iv
484,2.600840805833105,-0.01399821810743429,-1.0695752043460673,heatran,485,https://raw.githubusercontent.com/PokeAPI/sprites/master/sprites/pokemon/485.png,fire,600,generation-iv
485,3.558553588098023,-0.38110547416263757,1.3063272458676491,regigigas,486,https://raw.githubusercontent.com/PokeAPI/sprites/master/sprites/pokemon/486.png,normal,670,generation-iv
486,3.8075186033206205,-0.6415145628201925,-0.10843741493330718,giratina-altered,487,https://raw.githubusercontent.com/PokeAPI/sprites/master/sprites/pokemon/487.png,ghost,680,generation-iv
487,2.331522614455534,-0.711013521632421,-0.7582378878634425,cresselia,488,https://raw.githubusercontent.com/PokeAPI/sprites/master/sprites/pokemon/488.png,psychic,580,generation-iv
488,0.7880250401509075,0.19083196608951056,-0.13912645438390608,phione,489,https://raw.githubusercontent.com/PokeAPI/sprites/master/sprites/pokemon/489.png,water,480,generation-iv
489,2.511864238491098,0.2911450370076362,-0.12528292917655576,manaphy,490,https://raw.githubusercontent.com/PokeAPI/sprites/master/sprites/pokemon/490.png,water,600,generation-iv
490,2.3666255153869797,1.7156237306954616,-0.7662114956018279,darkrai,491,https://raw.githubusercontent.com/PokeAPI/sprites/master/sprites/pokemon/491.png,dark,600,generation-iv
491,2.511864238491098,0.2911450370076362,-0.12528292917655576,shaymin-land,492,https://raw.githubusercontent.com/PokeAPI/sprites/master/sprites/pokemon/492.png,grass,600,generation-iv
492,4.235703436831289,0.39145810792576147,-0.1114394039692053,arceus,493,https://raw.githubusercontent.com/PokeAPI/sprites/master/sprites/pokemon/493.png,normal,720,generation-iv
493,2.511864238491098,0.2911450370076362,-0.12528292917655576,victini,494,https://raw.githubusercontent.com/PokeAPI/sprites/master/sprites/pokemon/494.png,psychic,600,generation-v
494,-1.736087154437949,0.19221781107841032,-0.3087750100355642,snivy,495,https://raw.githubusercontent.com/PokeAPI/sprites/master/sprites/pokemon/495.png,grass,308,generation-v
495,-0.23938902621573235,0.25773009470831443,-0.3895585121675072,servine,496,https://raw.githubusercontent.com/PokeAPI/sprites/master/sprites/pokemon/496.png,grass,413,generation-v
496,1.3635202814718979,0.568715826104468,-0.42420463237930467,serperior,497,https://raw.githubusercontent.com/PokeAPI/sprites/master/sprites/pokemon/497.png,grass,528,generation-v
497,-1.644843961937428,-0.08674243717029945,0.4331090618431087,tepig,498,https://raw.githubusercontent.com/PokeAPI/sprites/master/sprites/pokemon/498.png,fire,308,generation-v
498,-0.028099929951184516,0.05695899964360491,0.8318265697086846,pignite,499,https://raw.githubusercontent.com/PokeAPI/sprites/master/sprites/pokemon/499.png,fire,418,generation-v
499,1.5825813526193147,0.27778851991441766,1.1132719928388317,emboar,500,https://raw.githubusercontent.com/PokeAPI/sprites/master/sprites/pokemon/500.png,fire,528,generation-v
500,-1.6562697381164753,0.18311473156319596,-0.0785463453303074,oshawott,501,https://raw.githubusercontent.com/PokeAPI/sprites/master/sprites/pokemon/501.png,water,308,generation-v
501,-0.1362492692433578,0.2931503220400117,0.02646332591449865,dewott,502,https://raw.githubusercontent.com/PokeAPI/sprites/master/sprites/pokemon/502.png,water,413,generation-v
502,1.5280160330617185,0.16247015243404722,0.2558085825420394,samurott,503,https://raw.githubusercontent.com/PokeAPI/sprites/master/sprites/pokemon/503.png,water,528,generation-v
503,-2.442287331780845,-0.04390810249150452,0.30627701345241914,patrat,504,https://raw.githubusercontent.com/PokeAPI/sprites/master/sprites/pokemon/504.png,normal,255,generation-v
504,-0.11696538926509352,0.21510981562962803,0.25941417929754296,watchog,505,https://raw.githubusercontent.com/PokeAPI/sprites/master/sprites/pokemon/505.png,normal,420,generation-v
505,-2.1976329065723452,-0.017387504290333526,0.4676481894357511,lillipup,506,https://raw.githubusercontent.com/PokeAPI/sprites/master/sprites/pokemon/506.png,normal,275,generation-v
506,-0.7807875756702781,-0.408070936276535,0.5428453624030393,herdier,507,https://raw.githubusercontent.com/PokeAPI/sprites/master/sprites/pokemon/507.png,normal,370,generation-v
507,1.0928901090887269,-0.5847183610748228,0.7888430977410585,stoutland,508,https://raw.githubusercontent.com/PokeAPI/sprites/master/sprites/pokemon/508.png,normal,500,generation-v
508,-2.1634723708884165,0.8058367611800178,0.1173526411232443,purrloin,509,https://raw.githubusercontent.com/PokeAPI/sprites/master/sprites/pokemon/509.png,dark,281,generation-v
509,0.1397947475719545,1.7550272561750762,0.5680803271428295,liepard,510,https://raw.githubusercontent.com/PokeAPI/sprites/master/sprites/pokemon/510.png,dark,446,generation-v
510,-1.620979499052211,0.46733030703238976,-0.024024590953350716,pansage,511,https://raw.githubusercontent.com/PokeAPI/sprites/master/sprites/pokemon/511.png,grass,316,generation-v
511,0.9488057210916996,1.3543510903537894,0.4476535595508391,simisage,512,https://raw.githubusercontent.com/PokeAPI/sprites/master/sprites/pokemon/512.png,grass,498,generation-v
512,-1.620979499052211,0.46733030703238976,-0.024024590953350716,pansear,513,https://raw.githubusercontent.com/PokeAPI/sprites/master/sprites/pokemon/513.png,fire,316,generation-v
513,0.9488057210916996,1.3543510903537894,0.4476535595508391,simisear,514,https://raw.githubusercontent.com/PokeAPI/sprites/master/sprites/pokemon/514.png,fire,498,generation-v
514,-1.620979499052211,0.46733030703238976,-0.024024590953350716,panpour,515,https://raw.githubusercontent.com/PokeAPI/sprites/master/sprites/pokemon/515.png,water,316,generation-v
515,0.9488057210916996,1.3543510903537894,0.4476535595508391,simipour,516,https://raw.githubusercontent.com/PokeAPI/sprites/master/sprites/pokemon/516.png,water,498,generation-v
516,-1.7575205046968603,-0.34847603177950437,-0.8789388041476076,munna,517,https://raw.githubusercontent.com/PokeAPI/sprites/master/sprites/pokemon/517.png,psychic,292,generation-v
517,1.1716163189301245,-0.9852920361054811,-1.2285619169414579,musharna,518,https://raw.githubusercontent.com/PokeAPI/sprites/master/sprites/pokemon/518.png,psychic,487,generation-v
518,-2.3405158019073435,-0.18568905056904775,0.5428292258197692,pidove,519,https://raw.githubusercontent.com/PokeAPI/sprites/master/sprites/pokemon/519.png,normal,264,generation-v
519,-1.0236632388653635,0.12281458497942194,0.786990105224335,tranquill,520,https://raw.githubusercontent.com/PokeAPI/sprites/master/sprites/pokemon/520.png,normal,358,generation-v
520,0.7995331035210237,0.41043863701164746,1.4274929448038662,unfezant,521,https://raw.githubusercontent.com/PokeAPI/sprites/master/sprites/pokemon/521.png,normal,488,generation-v
521,-1.9972508474043213,1.1494665971048907,0.5351479660612407,blitzle,522,https://raw.githubusercontent.com/PokeAPI/sprites/master/sprites/pokemon/522.png,electric,295,generation-v
522,0.8716642024427026,1.49720288154032,0.7950329948809473,zebstrika,523,https://raw.githubusercontent.com/PokeAPI/sprites/master/sprites/pokemon/523.png,electric,497,generation-v
523,-2.042028753646077,-1.7373824778128992,1.1299049939933925,roggenrola,524,https://raw.githubusercontent.com/PokeAPI/sprites/master/sprites/pokemon/524.png,rock,280,generation-v
524,-0.4205385049573982,-1.9177318342514453,1.2841794038777772,boldore,525,https://raw.githubusercontent.com/PokeAPI/sprites/master/sprites/pokemon/525.png,rock,390,generation-v
525,1.4652367399540358,-2.5432582584359964,1.0757396945063047,gigalith,526,https://raw.githubusercontent.com/PokeAPI/sprites/master/sprites/pokemon/526.png,rock,515,generation-v
526,-1.5349263358985665,0.7908927582656154,0.08432141950788286,woobat,527,https://raw.githubusercontent.com/PokeAPI/sprites/master/sprites/pokemon/527.png,psychic,323,generation-v
527,-0.19411477732970198,1.7417571110290557,-0.003504489078128056,swoobat,528,https://raw.githubusercontent.com/PokeAPI/sprites/master/sprites/pokemon/528.png,psychic,425,generation-v
528,-1.4459510800012068,0.3619537489822314,1.161052036270906,drilbur,529,https://raw.githubusercontent.com/PokeAPI/sprites/master/sprites/pokemon/529.png,ground,328,generation-v
529,1.1977032443268176,0.30271254986482776,2.1343368874344852,excadrill,530,https://raw.githubusercontent.com/PokeAPI/sprites/master/sprites/pokemon/530.png,ground,508,generation-v
530,0.42883415637143363,-0.9790629118254168,-0.34599538392653323,audino,531,https://raw.githubusercontent.com/PokeAPI/sprites/master/sprites/pokemon/531.png,normal,445,generation-v
531,-1.6707038088194497,-0.7825539083005842,1.3348346142871537,timburr,532,https://raw.githubusercontent.com/PokeAPI/sprites/master/sprites/pokemon/532.png,fighting,305,generation-v
532,-0.21631065182421094,-1.2597465408275774,1.4534516147665475,gurdurr,533,https://raw.githubusercontent.com/PokeAPI/sprites/master/sprites/pokemon/533.png,fighting,405,generation-v
533,1.2769224920778994,-1.3888252836875818,1.9045028753362356,conkeldurr,534,https://raw.githubusercontent.com/PokeAPI/sprites/master/sprites/pokemon/534.png,fighting,505,generation-v
534,-1.9504643855765347,0.6489436734687015,0.13317026648832966,tympole,535,https://raw.githubusercontent.com/PokeAPI/sprites/master/sprites/pokemon/535.png,water,294,generation-v
535,-0.6039935692153107,0.4472351932321821,0.2013999773043985,palpitoad,536,https://raw.githubusercontent.com/PokeAPI/sprites/master/sprites/pokemon/536.png,water,384,generation-v
536,1.2671339019227048,0.12615333582242355,0.46585120495027343,seismitoad,537,https://raw.githubusercontent.com/PokeAPI/sprites/master/sprites/pokemon/537.png,water,509,generation-v
537,0.7614288386911842,-1.5840251854836886,1.0855529233977268,throh,538,https://raw.githubusercontent.com/PokeAPI/sprites/master/sprites/pokemon/538.png,fighting,465,generation-v
538,0.5327417025735093,-0.24988594961928726,1.5702154215553117,sawk,539,https://raw.githubusercontent.com/PokeAPI/sprites/master/sprites/pokemon/539.png,fighting,465,generation-v
539,-1.6309315572168548,-0.7351500982884706,-0.28826526994066315,sewaddle,540,https://raw.githubusercontent.com/PokeAPI/sprites/master/sprites/pokemon/540.png,bug,310,generation-v
540,-0.5737968580434389,-1.1953854974792872,-0.5559505632521909,swadloon,541,https://raw.githubusercontent.com/PokeAPI/sprites/master/sprites/pokemon/541.png,bug,380,generation-v
541,1.0255456820598896,0.32840437163830405,0.4912133510675692,leavanny,542,https://raw.githubusercontent.com/PokeAPI/sprites/master/sprites/pokemon/542.png,bug,500,generation-v
542,-2.4755503971453447,-0.06947006830716297,0.05633646214707047,venipede,543,https://raw.githubusercontent.com/PokeAPI/sprites/master/sprites/pokemon/543.png,bug,260,generation-v
543,-0.921774318499874,-1.3050158890314887,-0.7144255610747176,whirlipede,544,https://raw.githubusercontent.com/PokeAPI/sprites/master/sprites/pokemon/544.png,bug,360,generation-v
544,0.6689039122196003,0.5790026893090583,0.7972983812986415,scolipede,545,https://raw.githubusercontent.com/PokeAPI/sprites/master/sprites/pokemon/545.png,bug,485,generation-v
545,-2.183341790779917,0.15426247633818327,-0.5230464364294676,cottonee,546,https://raw.githubusercontent.com/PokeAPI/sprites/master/sprites/pokemon/546.png,grass,280,generation-v
546,0.5988031720197904,1.0606794675838562,-0.31448639076343915,whimsicott,547,https://raw.githubusercontent.com/PokeAPI/sprites/master/sprites/pokemon/547.png,grass,480,generation-v
547,-2.014906885732621,-0.15670457395137075,-0.8890221614629484,petilil,548,https://raw.githubusercontent.com/PokeAPI/sprites/master/sprites/pokemon/548.png,grass,280,generation-v
548,0.7331468876815704,1.0120233287605884,-0.9060764991934853,lilligant,549,https://raw.githubusercontent.com/PokeAPI/sprites/master/sprites/pokemon/549.png,grass,480,generation-v
549,0.37588232889920076,1.099742996540374,0.6637955186291713,basculin-red-striped,550,https://raw.githubusercontent.com/PokeAPI/sprites/master/sprites/pokemon/550.png,water,460,generation-v
550,-1.989106675890574,0.5739979385614915,0.9226829409117981,sandile,551,https://raw.githubusercontent.com/PokeAPI/sprites/master/sprites/pokemon/551.png,ground,292,generation-v
551,-1.1378081946670198,0.5996071292439293,0.9249909653234587,krokorok,552,https://raw.githubusercontent.com/PokeAPI/sprites/master/sprites/pokemon/552.png,ground,351,generation-v
552,1.3092919980529087,0.2379398089764764,1.28878259774159,krookodile,553,https://raw.githubusercontent.com/PokeAPI/sprites/master/sprites/pokemon/553.png,ground,519,generation-v
553,-1.5585017670929693,-0.4067299116345082,1.482588320656713,darumaka,554,https://raw.githubusercontent.com/PokeAPI/sprites/master/sprites/pokemon/554.png,fire,315,generation-v
554,0.7357117817026122,0.3984425834081613,2.708989487689739,darmanitan-standard,555,https://raw.githubusercontent.com/PokeAPI/sprites/master/sprites/pokemon/555.png,fire,480,generation-v
555,0.575889141753661,0.3662295299862516,-0.19634054421755556,maractus,556,https://raw.githubusercontent.com/PokeAPI/sprites/master/sprites/pokemon/556.png,grass,461,generation-v
556,-1.52866692908042,-0.6595216803547513,0.693913818521145,dwebble,557,https://raw.githubusercontent.com/PokeAPI/sprites/master/sprites/pokemon/557.png,bug,325,generation-v
557,0.9206732778899046,-1.746109437286973,0.4135047823138701,crustle,558,https://raw.githubusercontent.com/PokeAPI/sprites/master/sprites/pokemon/558.png,bug,485,generation-v
558,-1.070632969363873,-0.7770361030397305,0.10935433061126248,scraggy,559,https://raw.githubusercontent.com/PokeAPI/sprites/master/sprites/pokemon/559.png,dark,348,generation-v
559,0.999581128944763,-1.680686650012627,-0.5234608781083914,scrafty,560,https://raw.githubusercontent.com/PokeAPI/sprites/master/sprites/pokemon/560.png,dark,488,generation-v
560,0.8574339147031323,0.9634940839488377,-0.9189923399302702,sigilyph,561,https://raw.githubusercontent.com/PokeAPI/sprites/master/sprites/pokemon/561.png,psychic,490,generation-v
561,-1.7017810992127238,-1.106674102033715,-1.229211353692363,yamask,562,https://raw.githubusercontent.com/PokeAPI/sprites/master/sprites/pokemon/562.png,ghost,303,generation-v
562,0.9756075507031895,-2.182870884250941,-2.038321866367283,cofagrigus,563,https://raw.githubusercontent.com/PokeAPI/sprites/master/sprites/pokemon/563.png,ghost,483,generation-v
563,-0.9500485257495301,-1.714823938735374,0.3953069970954394,tirtouga,564,https://raw.githubusercontent.com/PokeAPI/sprites/master/sprites/pokemon/564.png,water,355,generation-v
564,1.0959415638342394,-1.9595622285209404,0.44197250384475334,carracosta,565,https://raw.githubusercontent.com/PokeAPI/sprites/master/sprites/pokemon/565.png,water,495,generation-v
565,-0.39152304531956783,0.8080882655472869,1.1234085777477203,archen,566,https://raw.githubusercontent.com/PokeAPI/sprites/master/sprites/pokemon/566.png,rock,401,generation-v
566,1.9279992447230174,1.6029916914411095,1.1671828308335133,archeops,567,https://raw.githubusercontent.com/PokeAPI/sprites/master/sprites/pokemon/567.png,rock,567,generation-v
567,-1.4243825510387826,-0.032115984153611755,-0.23428955746862543,trubbish,568,https://raw.githubusercontent.com/PokeAPI/sprites/master/sprites/pokemon/568.png,poison,329,generation-v
568,0.720054177218616,-0.2630334992097142,0.37697435086938424,garbodor,569,https://raw.githubusercontent.com/PokeAPI/sprites/master/sprites/pokemon/569.png,poison,474,generation-v
569,-1.4364109025947986,1.0407474661395795,-0.0341356163387645,zorua,570,https://raw.githubusercontent.com/PokeAPI/sprites/master/sprites/pokemon/570.png,dark,330,generation-v
570,1.0888097410051287,1.8341502530608178,0.24252188440464692,zoroark,571,https://raw.githubusercontent.com/PokeAPI/sprites/master/sprites/pokemon/571.png,dark,510,generation-v
571,-1.9014078878688367,0.7804432169271913,0.36647333165599716,minccino,572,https://raw.githubusercontent.com/PokeAPI/sprites/master/sprites/pokemon/572.png,normal,300,generation-v
572,0.4756983308333097,1.3788090464561777,0.9468850766036637,cinccino,573,https://raw.githubusercontent.com/PokeAPI/sprites/master/sprites/pokemon/573.png,normal,470,generation-v
573,-1.899191358470436,-0.05822018424092367,-1.0651303182804384,gothita,574,https://raw.githubusercontent.com/PokeAPI/sprites/master/sprites/pokemon/574.png,psychic,290,generation-v
574,-0.4348658605936311,-0.1767881827497928,-1.2573310626526053,gothorita,575,https://raw.githubusercontent.com/PokeAPI/sprites/master/sprites/pokemon/575.png,psychic,390,generation-v
575,1.0268702560195693,-0.40122304636122197,-1.7236735316816723,gothitelle,576,https://raw.githubusercontent.com/PokeAPI/sprites/master/sprites/pokemon/576.png,psychic,490,generation-v
576,-1.8115319713647824,0.23908092135728592,-1.4937229864818862,solosis,577,https://raw.githubusercontent.com/PokeAPI/sprites/master/sprites/pokemon/577.png,psychic,290,generation-v
577,-0.6421326768831891,0.3805539524124376,-1.5133764956876654,duosion,578,https://raw.githubusercontent.com/PokeAPI/sprites/master/sprites/pokemon/578.png,psychic,370,generation-v
578,1.1975508209214942,-0.477643827810639,-1.0770473447170472,reuniclus,579,https://raw.githubusercontent.com/PokeAPI/sprites/master/sprites/pokemon/579.png,psychic,490,generation-v
579,-1.729552777039553,0.06469243466362623,-0.06320347614674762,ducklett,580,https://raw.githubusercontent.com/PokeAPI/sprites/master/sprites/pokemon/580.png,water,305,generation-v
580,0.5930148697711755,1.169530504765077,0.34001577854212206,swanna,581,https://raw.githubusercontent.com/PokeAPI/sprites/master/sprites/pokemon/581.png,water,473,generation-v
581,-1.696124701654515,0.057046394146530364,-0.7511514122795175,vanillite,582,https://raw.githubusercontent.com/PokeAPI/sprites/master/sprites/pokemon/582.png,ice,305,generation-v
582,-0.4032453028993717,0.13228119733512456,-0.7407687683740047,vanillish,583,https://raw.githubusercontent.com/PokeAPI/sprites/master/sprites/pokemon/583.png,ice,395,generation-v
583,1.615073438605274,0.333665678488557,-0.6416556373187696,vanilluxe,584,https://raw.githubusercontent.com/PokeAPI/sprites/master/sprites/pokemon/584.png,ice,535,generation-v
584,-1.3732778649399051,0.47807489119448376,0.405825208564332,deerling,585,https://raw.githubusercontent.com/PokeAPI/sprites/master/sprites/pokemon/585.png,normal,335,generation-v
585,0.6441662232491874,0.5349581200733178,0.8513273867477649,sawsbuck,586,https://raw.githubusercontent.com/PokeAPI/sprites/master/sprites/pokemon/586.png,normal,475,generation-v
586,-0.11728807027707117,1.3133967537486502,0.12133294702184652,emolga,587,https://raw.githubusercontent.com/PokeAPI/sprites/master/sprites/pokemon/587.png,electric,428,generation-v
587,-1.6229067035572096,0.24122141711631953,0.6706135135830023,karrablast,588,https://raw.githubusercontent.com/PokeAPI/sprites/master/sprites/pokemon/588.png,bug,315,generation-v
588,1.2565803155632402,-2.2778398301761547,0.35707135724141453,escavalier,589,https://raw.githubusercontent.com/PokeAPI/sprites/master/sprites/pokemon/589.png,bug,495,generation-v
589,-1.7017775672804298,-0.7598616103728049,-0.18909191782491847,foongus,590,https://raw.githubusercontent.com/PokeAPI/sprites/master/sprites/pokemon/590.png,grass,294,generation-v
590,0.8136552169046102,-0.8923476856914719,0.03267880734946989,amoonguss,591,https://raw.githubusercontent.com/PokeAPI/sprites/master/sprites/pokemon/591.png,grass,464,generation-v
591,-1.1629273041188002,-0.23989366096936693,-1.3432638177804874,frillish-male,592,https://raw.githubusercontent.com/PokeAPI/sprites/master/sprites/pokemon/592.png,water,335,generation-v
592,0.960418386900125,-0.21825517919840115,-1.0694591704963827,jellicent-male,593,https://raw.githubusercontent.com/PokeAPI/sprites/master/sprites/pokemon/593.png,water,480,generation-v
593,0.7365175989035522,-0.7002176001821127,1.867417517745931,alomomola,594,https://raw.githubusercontent.com/PokeAPI/sprites/master/sprites/pokemon/594.png,water,470,generation-v
594,-1.5790837528705917,0.5010374395460572,-0.24682627170923485,joltik,595,https://raw.githubusercontent.com/PokeAPI/sprites/master/sprites/pokemon/595.png,bug,319,generation-v
595,0.5297715201757748,1.6547156687004458,0.056312791117236374,galvantula,596,https://raw.githubusercontent.com/PokeAPI/sprites/master/sprites/pokemon/596.png,bug,472,generation-v
596,-1.5503446190282288,-2.295925205587676,-0.8930226130846228,ferroseed,597,https://raw.githubusercontent.com/PokeAPI/sprites/master/sprites/pokemon/597.png,grass,305,generation-v
597,1.162397769989999,-2.86745270734324,-0.6686812744164067,ferrothorn,598,https://raw.githubusercontent.com/PokeAPI/sprites/master/sprites/pokemon/598.png,grass,489,generation-v
598,-1.7350872330062053,-0.9569331363549909,-0.4177363476826588,klink,599,https://raw.githubusercontent.com/PokeAPI/sprites/master/sprites/pokemon/599.png,steel,300,generation-v
599,0.2867048766505798,-0.9385436037610269,-0.47549285654889467,klang,600,https://raw.githubusercontent.com/PokeAPI/sprites/master/sprites/pokemon/600.png,steel,440,generation-v
600,1.2729195394502077,-0.4013783010808183,0.12809483933621912,klinklang,601,https://raw.githubusercontent.com/PokeAPI/sprites/master/sprites/pokemon/601.png,steel,520,generation-v
601,-2.2330900796277167,0.5257084217131983,0.1319331640383175,tynamo,602,https://raw.githubusercontent.com/PokeAPI/sprites/master/sprites/pokemon/602.png,electric,275,generation-v
602,-0.1783871794444965,-0.5511892107408611,-0.07798845775138537,eelektrik,603,https://raw.githubusercontent.com/PokeAPI/sprites/master/sprites/pokemon/603.png,electric,405,generation-v
603,1.4322941031260024,-0.3303596904700486,0.2034569653787615,eelektross,604,https://raw.githubusercontent.com/PokeAPI/sprites/master/sprites/pokemon/604.png,electric,515,generation-v
604,-1.1892706117178526,-0.17988399820891213,-0.663453477613927,elgyem,605,https://raw.githubusercontent.com/PokeAPI/sprites/master/sprites/pokemon/605.png,psychic,335,generation-v
605,1.0587991074853276,-0.2080100399688921,-1.401185638825598,beheeyem,606,https://raw.githubusercontent.com/PokeAPI/sprites/master/sprites/pokemon/606.png,psychic,485,generation-v
606,-2.037743398510148,-0.6009078881065206,-1.0400369588892142,litwick,607,https://raw.githubusercontent.com/PokeAPI/sprites/master/sprites/pokemon/607.png,ghost,275,generation-v
607,-0.765654793930878,0.44096417271988625,-1.064656345767959,lampent,608,https://raw.githubusercontent.com/PokeAPI/sprites/master/sprites/pokemon/608.png,ghost,370,generation-v
608,1.3627411517255528,0.8412516062299157,-1.9637765264214864,chandelure,609,https://raw.githubusercontent.com/PokeAPI/sprites/master/sprites/pokemon/609.png,ghost,520,generation-v
609,-1.573153345201388,-0.2375163223322206,1.106347784126461,axew,610,https://raw.githubusercontent.com/PokeAPI/sprites/master/sprites/pokemon/610.png,dragon,320,generation-v
610,-0.25782625911089696,-0.26225946457131327,1.6489126485369203,fraxure,611,https://raw.githubusercontent.com/PokeAPI/sprites/master/sprites/pokemon/611.png,dragon,410,generation-v
611,1.5592239665476644,0.09328196875227993,1.8207384333217558,haxorus,612,https://raw.githubusercontent.com/PokeAPI/sprites/master/sprites/pokemon/612.png,dragon,540,generation-v
612,-1.6841879296688738,0.12342897021593174,0.3755317066312572,cubchoo,613,https://raw.githubusercontent.com/PokeAPI/sprites/master/sprites/pokemon/613.png,ice,305,generation-v
613,1.2954305237441586,-0.8241540670507156,1.0881444261820725,beartic,614,https://raw.githubusercontent.com/PokeAPI/sprites/master/sprites/pokemon/614.png,ice,505,generation-v
614,1.354504354350569,1.302307414554904,-2.070056706701622,cryogonal,615,https://raw.githubusercontent.com/PokeAPI/sprites/master/sprites/pokemon/615.png,ice,515,generation-v
615,-1.637836774895193,-1.4730690466095513,-0.715829798607318,shelmet,616,https://raw.githubusercontent.com/PokeAPI/sprites/master/sprites/pokemon/616.png,bug,305,generation-v
616,0.75633184420511,2.984832580212441,0.15337759309035273,accelgor,617,https://raw.githubusercontent.com/PokeAPI/sprites/master/sprites/pokemon/617.png,bug,495,generation-v
617,0.9227693368278138,-1.2383947243659663,-0.7988750321507888,stunfisk,618,https://raw.githubusercontent.com/PokeAPI/sprites/master/sprites/pokemon/618.png,ground,471,generation-v
618,-1.130671180341426,0.4096983912498447,0.5474448886580023,mienfoo,619,https://raw.githubusercontent.com/PokeAPI/sprites/master/sprites/pokemon/619.png,fighting,350,generation-v
619,1.0931231837897675,1.4680196650547126,1.0525720633964712,mienshao,620,https://raw.githubusercontent.com/PokeAPI/sprites/master/sprites/pokemon/620.png,fighting,510,generation-v
620,0.9934903494266661,-1.1825929495369472,0.5780056620598378,druddigon,621,https://raw.githubusercontent.com/PokeAPI/sprites/master/sprites/pokemon/621.png,dragon,485,generation-v
621,-1.6824179687344785,-0.5924659713596084,0.578318153404015,golett,622,https://raw.githubusercontent.com/PokeAPI/sprites/master/sprites/pokemon/622.png,ground,303,generation-v
622,0.9430574409192924,-0.853685986042914,1.1151644329111339,golurk,623,https://raw.githubusercontent.com/PokeAPI/sprites/master/sprites/pokemon/623.png,ground,483,generation-v
623,-1.3050711142692628,-0.23424731215032654,0.9297547254958943,pawniard,624,https://raw.githubusercontent.com/PokeAPI/sprites/master/sprites/pokemon/624.png,dark,340,generation-v
624,0.9075880739231506,-0.6877560179213719,1.1006498477641242,bisharp,625,https://raw.githubusercontent.com/PokeAPI/sprites/master/sprites/pokemon/625.png,dark,490,generation-v
625,1.0640393481110522,-1.423724225218602,0.7285291150939458,bouffalant,626,https://raw.githubusercontent.com/PokeAPI/sprites/master/sprites/pokemon/626.png,normal,490,generation-v
626,-1.079449543212296,-0.00838533383542568,0.9761789516293572,rufflet,627,https://raw.githubusercontent.com/PokeAPI/sprites/master/sprites/pokemon/627.png,normal,350,generation-v
627,1.2485102817826572,-0.11543118405727049,1.411430741645963,braviary,628,https://raw.githubusercontent.com/PokeAPI/sprites/master/sprites/pokemon/628.png,normal,510,generation-v
628,-0.7863327636611178,-0.4473815434746489,-0.08160569242764511,vullaby,629,https://raw.githubusercontent.com/PokeAPI/sprites/master/sprites/pokemon/629.png,dark,370,generation-v
629,1.2640583651263395,-0.7759980409931878,-0.17353254940183344,mandibuzz,630,https://raw.githubusercontent.com/PokeAPI/sprites/master/sprites/pokemon/630.png,dark,510,generation-v
630,0.9053696802038834,0.44782322065176977,0.2040277941735858,heatmor,631,https://raw.githubusercontent.com/PokeAPI/sprites/master/sprites/pokemon/631.png,fire,484,generation-v
631,0.5899162049413006,0.07963256181033478,1.5003197241360111,durant,632,https://raw.githubusercontent.com/PokeAPI/sprites/master/sprites/pokemon/632.png,bug,484,generation-v
632,-1.746861535036902,-0.354465291895895,0.194564139319174,deino,633,https://raw.githubusercontent.com/PokeAPI/sprites/master/sprites/pokemon/633.png,dark,300,generation-v
633,-0.023022336696711033,-0.2541522209777694,0.20840766452652443,zweilous,634,https://raw.githubusercontent.com/PokeAPI/sprites/master/sprites/pokemon/634.png,dark,420,generation-v
634,2.5039476135343226,0.8282530704926659,-0.20771292898645924,hydreigon,635,https://raw.githubusercontent.com/PokeAPI/sprites/master/sprites/pokemon/635.png,dark,600,generation-v
635,-0.9470995823882742,0.06163942263856474,0.5794056698511809,larvesta,636,https://raw.githubusercontent.com/PokeAPI/sprites/master/sprites/pokemon/636.png,bug,360,generation-v
636,1.8170034365822891,1.5250996832160308,-1.6905297980697462,volcarona,637,https://raw.githubusercontent.com/PokeAPI/sprites/master/sprites/pokemon/637.png,bug,550,generation-v
637,2.0776681260260337,0.012845858267800086,0.336518072151283,cobalion,638,https://raw.githubusercontent.com/PokeAPI/sprites/master/sprites/pokemon/638.png,steel,580,generation-v
638,2.163815780439247,0.3739901357264028,1.0379829110147438,terrakion,639,https://raw.githubusercontent.com/PokeAPI/sprites/master/sprites/pokemon/639.png,rock,580,generation-v
639,2.2695371049900994,0.7902127672004498,-0.8938223064227002,virizion,640,https://raw.githubusercontent.com/PokeAPI/sprites/master/sprites/pokemon/640.png,grass,580,generation-v
640,2.1457724085575984,1.6321322279820463,0.16769512689869207,tornadus-incarnate,641,https://raw.githubusercontent.com/PokeAPI/sprites/master/sprites/pokemon/641.png,flying,580,generation-v
641,2.1457724085575984,1.6321322279820463,0.16769512689869207,thundurus-incarnate,642,https://raw.githubusercontent.com/PokeAPI/sprites/master/sprites/pokemon/642.png,electric,580,generation-v
642,3.7727309439230012,0.48763507605509687,-0.8368791245399635,reshiram,643,https://raw.githubusercontent.com/PokeAPI/sprites/master/sprites/pokemon/643.png,dragon,680,generation-v
643,3.7027845352170203,-0.21862899969243513,0.633986395291641,zekrom,644,https://raw.githubusercontent.com/PokeAPI/sprites/master/sprites/pokemon/644.png,dragon,680,generation-v
644,2.4662542279371986,0.8093890459368364,0.5593107561658944,landorus-incarnate,645,https://raw.githubusercontent.com/PokeAPI/sprites/master/sprites/pokemon/645.png,ground,600,generation-v
645,3.4402774914617567,0.657866441566902,0.595887993478838,kyurem,646,https://raw.githubusercontent.com/PokeAPI/sprites/master/sprites/pokemon/646.png,dragon,660,generation-v
646,2.1688013043379,1.197647273691614,-0.9364346576159825,keldeo-ordinary,647,https://raw.githubusercontent.com/PokeAPI/sprites/master/sprites/pokemon/647.png,water,580,generation-v
647,2.6426960028067774,0.7209574200072963,-1.6409278308303383,meloetta-aria,648,https://raw.githubusercontent.com/PokeAPI/sprites/master/sprites/pokemon/648.png,normal,600,generation-v
648,2.476061535631768,0.6924622795541452,-0.14667752028430694,genesect,649,https://raw.githubusercontent.com/PokeAPI/sprites/master/sprites/pokemon/649.png,bug,600,generation-v
649,-1.5803064293513776,-0.5903707612787797,0.21227262429016852,chespin,650,https://raw.githubusercontent.com/PokeAPI/sprites/master/sprites/pokemon/650.png,grass,313,generation-vi
650,-0.31144359473270977,-0.7638903114241652,0.3066499646219483,quilladin,651,https://raw.githubusercontent.com/PokeAPI/sprites/master/sprites/pokemon/651.png,grass,405,generation-vi
651,1.5322243127404112,-1.1699960798397009,0.6158930052946104,chesnaught,652,https://raw.githubusercontent.com/PokeAPI/sprites/master/sprites/pokemon/652.png,grass,530,generation-vi
652,-1.7138526551600195,0.6118868606150702,-0.6981743263412017,fennekin,653,https://raw.githubusercontent.com/PokeAPI/sprites/master/sprites/pokemon/653.png,fire,307,generation-vi
653,-0.24460158794853903,0.7591725476238876,-0.7375493056795368,braixen,654,https://raw.githubusercontent.com/PokeAPI/sprites/master/sprites/pokemon/654.png,fire,409,generation-vi
654,1.5316314987440354,1.2690442290628288,-1.2009749408142267,delphox,655,https://raw.githubusercontent.com/PokeAPI/sprites/master/sprites/pokemon/655.png,fire,534,generation-vi
655,-1.687627411702735,0.9577049184078571,-0.04415741163427541,froakie,656,https://raw.githubusercontent.com/PokeAPI/sprites/master/sprites/pokemon/656.png,water,314,generation-vi
656,-0.42913981578611443,1.4797737629048757,-0.18627892875875243,frogadier,657,https://raw.githubusercontent.com/PokeAPI/sprites/master/sprites/pokemon/657.png,water,405,generation-vi
657,1.3412942470474587,1.8155188630561385,0.2030664264257085,greninja,658,https://raw.githubusercontent.com/PokeAPI/sprites/master/sprites/pokemon/658.png,water,530,generation-vi
658,-2.7817115336929406,0.39009908611045485,-0.0009349782627230701,bunnelby,659,https://raw.githubusercontent.com/PokeAPI/sprites/master/sprites/pokemon/659.png,normal,237,generation-vi
659,-0.03910094358574248,-0.11076527854579056,-0.15413202580489715,diggersby,660,https://raw.githubusercontent.com/PokeAPI/sprites/master/sprites/pokemon/660.png,normal,423,generation-vi
660,-2.192629010366846,0.44545660628028216,0.24504909993522953,fletchling,661,https://raw.githubusercontent.com/PokeAPI/sprites/master/sprites/pokemon/661.png,normal,278,generation-vi
661,-0.7181507342638345,0.7477572654061697,0.4922413059540629,fletchinder,662,https://raw.githubusercontent.com/PokeAPI/sprites/master/sprites/pokemon/662.png,fire,382,generation-vi
662,0.8659175299192526,1.501740973028538,0.4022819706329294,talonflame,663,https://raw.githubusercontent.com/PokeAPI/sprites/master/sprites/pokemon/663.png,fire,499,generation-vi
663,-3.261416543737007,-0.17859795705338705,0.1843730354772851,scatterbug,664,https://raw.githubusercontent.com/PokeAPI/sprites/master/sprites/pokemon/664.png,bug,200,generation-vi
664,-3.0525876808168233,-0.7531147415497405,-0.17479860450395698,spewpa,665,https://raw.githubusercontent.com/PokeAPI/sprites/master/sprites/pokemon/665.png,bug,213,generation-vi
665,-0.28403348428488046,1.390101639839985,-0.1470756234772752,vivillon,666,https://raw.githubusercontent.com/PokeAPI/sprites/master/sprites/pokemon/666.png,bug,411,generation-vi
666,-0.8585251972923604,0.6388215798712742,-0.32780748739846177,litleo,667,https://raw.githubusercontent.com/PokeAPI/sprites/master/sprites/pokemon/667.png,fire,369,generation-vi
667,1.0704890412610433,1.4428155824828108,-0.27832557557359444,pyroar-male,668,https://raw.githubusercontent.com/PokeAPI/sprites/master/sprites/pokemon/668.png,fire,507,generation-vi
668,-1.6536962847387608,0.05832205322713384,-1.299124286561854,flabebe,669,https://raw.githubusercontent.com/PokeAPI/sprites/master/sprites/pokemon/669.png,fairy,303,generation-vi
669,-0.6527337085271289,0.14639521478882866,-1.6078566501318519,floette,670,https://raw.githubusercontent.com/PokeAPI/sprites/master/sprites/pokemon/670.png,fairy,371,generation-vi
670,2.034486709170854,0.2650652272302575,-2.5609346339364345,florges,671,https://raw.githubusercontent.com/PokeAPI/sprites/master/sprites/pokemon/671.png,fairy,552,generation-vi
671,-1.032887060039195,0.1490179782247978,0.028533623632752823,skiddo,672,https://raw.githubusercontent.com/PokeAPI/sprites/master/sprites/pokemon/672.png,grass,350,generation-vi
672,1.6681445746689967,0.28099232187088446,0.45149143830522165,gogoat,673,https://raw.githubusercontent.com/PokeAPI/sprites/master/sprites/pokemon/673.png,grass,531,generation-vi
673,-1.0625699008327838,-0.5314954091740913,0.7643229819498798,pancham,674,https://raw.githubusercontent.com/PokeAPI/sprites/master/sprites/pokemon/674.png,fighting,348,generation-vi
674,1.0999844082971335,-0.5290528773770813,1.2098182448148882,pangoro,675,https://raw.githubusercontent.com/PokeAPI/sprites/master/sprites/pokemon/675.png,fighting,495,generation-vi
675,0.620051385914188,0.89945845475688,-0.10331580445243212,furfrou,676,https://raw.githubusercontent.com/PokeAPI/sprites/master/sprites/pokemon/676.png,normal,472,generation-vi
676,-1.031074016166716,0.4638870847563221,-0.38964014683523046,espurr,677,https://raw.githubusercontent.com/PokeAPI/sprites/master/sprites/pokemon/677.png,psychic,355,generation-vi
677,0.4847869825133666,0.9790066016611917,-0.8403010142343743,meowstic-male,678,https://raw.githubusercontent.com/PokeAPI/sprites/master/sprites/pokemon/678.png,psychic,466,generation-vi
678,-1.4408022030844623,-1.6529652705249616,0.7871974027529429,honedge,679,https://raw.githubusercontent.com/PokeAPI/sprites/master/sprites/pokemon/679.png,steel,325,generation-vi
679,0.31581883148649437,-2.547919671131783,1.1838575274239784,doublade,680,https://raw.githubusercontent.com/PokeAPI/sprites/master/sprites/pokemon/680.png,steel,448,generation-vi
680,1.181116534396132,-2.12990041013296,-2.0659969773995996,aegislash-shield,681,https://raw.githubusercontent.com/PokeAPI/sprites/master/sprites/pokemon/681.png,steel,500,generation-vi
681,-1.030517797988085,-0.8523053114129312,-0.45941737798765286,spritzee,682,https://raw.githubusercontent.com/PokeAPI/sprites/master/sprites/pokemon/682.png,fairy,341,generation-vi
682,0.7887613641400315,-0.773826095003443,-0.7716819845786382,aromatisse,683,https://raw.githubusercontent.com/PokeAPI/sprites/master/sprites/pokemon/683.png,fairy,462,generation-vi
683,-1.1815501889708182,-0.27312543719556776,-0.36600174560759113,swirlix,684,https://raw.githubusercontent.com/PokeAPI/sprites/master/sprites/pokemon/684.png,fairy,341,generation-vi
684,0.8054128056775007,-0.03870260567599463,-0.11322576010078506,slurpuff,685,https://raw.githubusercontent.com/PokeAPI/sprites/master/sprites/pokemon/685.png,fairy,480,generation-vi
685,-1.9630105602191803,-0.29461064537523096,0.1912649688496057,inkay,686,https://raw.githubusercontent.com/PokeAPI/sprites/master/sprites/pokemon/686.png,dark,288,generation-vi
686,0.8318433348628814,-0.3016677281544595,0.4126664260202704,malamar,687,https://raw.githubusercontent.com/PokeAPI/sprites/master/sprites/pokemon/687.png,dark,482,generation-vi
687,-1.7305336061154577,-0.45353506796516546,-0.20032081427910037,binacle,688,https://raw.githubusercontent.com/PokeAPI/sprites/master/sprites/pokemon/688.png,rock,306,generation-vi
688,1.08489030158273,-1.1929261958460393,0.4459682108160834,barbaracle,689,https://raw.githubusercontent.com/PokeAPI/sprites/master/sprites/pokemon/689.png,rock,500,generation-vi
689,-1.4142502936570172,-0.6144316124684995,-0.3953665741823951,skrelp,690,https://raw.githubusercontent.com/PokeAPI/sprites/master/sprites/pokemon/690.png,poison,320,generation-vi
690,1.1979314038325453,-0.9030801958669855,-1.752659689180456,dragalge,691,https://raw.githubusercontent.com/PokeAPI/sprites/master/sprites/pokemon/691.png,poison,494,generation-vi
691,-1.3208121424143884,-0.33953622088080276,-0.5236527018677284,clauncher,692,https://raw.githubusercontent.com/PokeAPI/sprites/master/sprites/pokemon/692.png,water,330,generation-vi
692,1.1670013061895022,-0.008355358271065096,-1.2079120538230717,clawitzer,693,https://raw.githubusercontent.com/PokeAPI/sprites/master/sprites/pokemon/693.png,water,500,generation-vi
693,-2.039792005689436,1.0974062902354524,-0.366379517960567,helioptile,694,https://raw.githubusercontent.com/PokeAPI/sprites/master/sprites/pokemon/694.png,electric,289,generation-vi
694,0.7293404340259756,1.8415596076745309,-1.4040510863601257,heliolisk,695,https://raw.githubusercontent.com/PokeAPI/sprites/master/sprites/pokemon/695.png,electric,481,generation-vi
695,-0.9147319811017603,-0.6896081466830957,0.9151246354720862,tyrunt,696,https://raw.githubusercontent.com/PokeAPI/sprites/master/sprites/pokemon/696.png,rock,362,generation-vi
696,1.334140692555457,-0.9080513611737544,1.3105875840342105,tyrantrum,697,https://raw.githubusercontent.com/PokeAPI/sprites/master/sprites/pokemon/697.png,rock,521,generation-vi
697,-0.8077710721110427,-0.03715215428151668,-0.21410107546118962,amaura,698,https://raw.githubusercontent.com/PokeAPI/sprites/master/sprites/pokemon/698.png,rock,362,generation-vi
698,1.5720038461865007,-0.16132494455390703,-0.36785095582143545,aurorus,699,https://raw.githubusercontent.com/PokeAPI/sprites/master/sprites/pokemon/699.png,rock,521,generation-vi
699,1.6750291724648383,0.0332398585677625,-1.89217949109842,sylveon,700,https://raw.githubusercontent.com/PokeAPI/sprites/master/sprites/pokemon/700.png,fairy,525,generation-vi
700,0.8954580356271143,1.2397775706513567,0.733555886244917,hawlucha,701,https://raw.githubusercontent.com/PokeAPI/sprites/master/sprites/pokemon/701.png,fighting,500,generation-vi
701,-0.0306092190283485,1.3523318082453415,-0.3619774075898688,dedenne,702,https://raw.githubusercontent.com/PokeAPI/sprites/master/sprites/pokemon/702.png,electric,431,generation-vi
702,1.216529037327959,-2.6088225091239754,-2.444588482145504,carbink,703,https://raw.githubusercontent.com/PokeAPI/sprites/master/sprites/pokemon/703.png,rock,500,generation-vi
703,-1.6919720977468489,0.012318070884902842,-0.8692344242950465,goomy,704,https://raw.githubusercontent.com/PokeAPI/sprites/master/sprites/pokemon/704.png,dragon,300,generation-vi
704,0.5461530287236664,0.11500716555447309,-1.2193536061261419,sliggoo,705,https://raw.githubusercontent.com/PokeAPI/sprites/master/sprites/pokemon/705.png,dragon,452,generation-vi
705,2.7233875577161584,0.23505645935279737,-1.5439682933767858,goodra,706,https://raw.githubusercontent.com/PokeAPI/sprites/master/sprites/pokemon/706.png,dragon,600,generation-vi
706,0.6319248837996937,-0.12522680586586768,-0.5638122464054434,klefki,707,https://raw.githubusercontent.com/PokeAPI/sprites/master/sprites/pokemon/707.png,steel,470,generation-vi
707,-1.602676854403729,-0.2997460337615948,-0.07728444483664143,phantump,708,https://raw.githubusercontent.com/PokeAPI/sprites/master/sprites/pokemon/708.png,ghost,309,generation-vi
708,0.8118669347500339,-0.5959575897933632,0.6035558244799074,trevenant,709,https://raw.githubusercontent.com/PokeAPI/sprites/master/sprites/pokemon/709.png,ghost,474,generation-vi
709,-1.3052783151336966,-0.4737922125305097,0.1342861053027804,pumpkaboo-average,710,https://raw.githubusercontent.com/PokeAPI/sprites/master/sprites/pokemon/710.png,ghost,335,generation-vi
710,0.8912531848512294,-0.7662113265663409,0.3109892348188675,gourgeist-average,711,https://raw.githubusercontent.com/PokeAPI/sprites/master/sprites/pokemon/711.png,ghost,494,generation-vi
711,-1.72111796660351,-1.3835567749374011,0.7468347585393661,bergmite,712,https://raw.githubusercontent.com/PokeAPI/sprites/master/sprites/pokemon/712.png,ice,304,generation-vi
712,1.3096918250153624,-3.523448520453398,1.7352348818471945,avalugg,713,https://raw.githubusercontent.com/PokeAPI/sprites/master/sprites/pokemon/713.png,ice,514,generation-vi
713,-2.640241746908072,0.5418487441361306,-0.37556149753361984,noibat,714,https://raw.githubusercontent.com/PokeAPI/sprites/master/sprites/pokemon/714.png,flying,245,generation-vi
714,1.4288830324714874,1.4610845578080167,-0.3265243392882359,noivern,715,https://raw.githubusercontent.com/PokeAPI/sprites/master/sprites/pokemon/715.png,flying,535,generation-vi
715,3.7291664425831423,0.6112759855759671,0.45238568523444145,xerneas,716,https://raw.githubusercontent.com/PokeAPI/sprites/master/sprites/pokemon/716.png,fairy,680,generation-vi
716,3.7291664425831423,0.6112759855759671,0.45238568523444145,yveltal,717,https://raw.githubusercontent.com/PokeAPI/sprites/master/sprites/pokemon/717.png,dark,680,generation-vi
717,2.503395671641007,-0.47929058159432275,0.2807276149387416,zygarde-50,718,https://raw.githubusercontent.com/PokeAPI/sprites/master/sprites/pokemon/718.png,dragon,600,generation-vi
718,2.6889267531502328,-2.1034654579474408,-2.0182404529060793,diancie,719,https://raw.githubusercontent.com/PokeAPI/sprites/master/sprites/pokemon/719.png,rock,600,generation-vi
719,2.725914587670787,0.8196709018400872,-1.5498705745958783,hoopa,720,https://raw.githubusercontent.com/PokeAPI/sprites/master/sprites/pokemon/720.png,psychic,600,generation-vi
720,2.56368054876121,-0.37272104486278984,-0.4379748611930939,volcanion,721,https://raw.githubusercontent.com/PokeAPI/sprites/master/sprites/pokemon/721.png,fire,600,generation-vi
721,-1.4547155399685274,-0.32384422478282987,0.09512990221534792,rowlet,722,https://raw.githubusercontent.com/PokeAPI/sprites/master/sprites/pokemon/722.png,grass,320,generation-vii
722,0.0031098818347566116,-0.4375347659720899,-0.04114840332814922,dartrix,723,https://raw.githubusercontent.com/PokeAPI/sprites/master/sprites/pokemon/723.png,grass,420,generation-vii
723,1.609720379123347,0.11038119537650869,-0.3256047278584685,decidueye,724,https://raw.githubusercontent.com/PokeAPI/sprites/master/sprites/pokemon/724.png,grass,530,generation-vii
724,-1.598758210806353,0.9021766096833672,0.3020447403169718,litten,725,https://raw.githubusercontent.com/PokeAPI/sprites/master/sprites/pokemon/725.png,fire,320,generation-vii
725,-0.17634529193489576,1.2674081674851223,0.5443579395193793,torracat,726,https://raw.githubusercontent.com/PokeAPI/sprites/master/sprites/pokemon/726.png,fire,420,generation-vii
726,1.6305414135316332,-0.6882403933836744,0.4515084237349426,incineroar,727,https://raw.githubusercontent.com/PokeAPI/sprites/master/sprites/pokemon/727.png,fire,530,generation-vii
727,-1.4548613394986727,-0.13616015394948927,-0.4644127024639901,popplio,728,https://raw.githubusercontent.com/PokeAPI/sprites/master/sprites/pokemon/728.png,water,320,generation-vii
728,0.020232021152218276,-0.10940998927051603,-0.8818101261833389,brionne,729,https://raw.githubusercontent.com/PokeAPI/sprites/master/sprites/pokemon/729.png,water,420,generation-vii
729,1.6896638565698168,0.16675175148606028,-1.7574613374236896,primarina,730,https://raw.githubusercontent.com/PokeAPI/sprites/master/sprites/pokemon/730.png,water,530,generation-vii
730,-2.4093215268748485,0.6857542935582321,1.0109697629297647,pikipek,731,https://raw.githubusercontent.com/PokeAPI/sprites/master/sprites/pokemon/731.png,normal,265,generation-vii
731,-1.0861730511645251,0.43952250647480123,0.8934063003690843,trumbeak,732,https://raw.githubusercontent.com/PokeAPI/sprites/master/sprites/pokemon/732.png,normal,355,generation-vii
732,0.9382607720635154,-0.3159085357072331,0.8114307850455746,toucannon,733,https://raw.githubusercontent.com/PokeAPI/sprites/master/sprites/pokemon/733.png,normal,485,generation-vii
733,-2.4874017320749586,0.16475407217903287,0.9459601193253651,yungoos,734,https://raw.githubusercontent.com/PokeAPI/sprites/master/sprites/pokemon/734.png,normal,253,generation-vii
734,0.012490019915030844,-0.5357745870485136,1.2134068970147749,gumshoos,735,https://raw.githubusercontent.com/PokeAPI/sprites/master/sprites/pokemon/735.png,normal,418,generation-vii
735,-1.7888706649720163,0.11940843514919793,0.09840813885089966,grubbin,736,https://raw.githubusercontent.com/PokeAPI/sprites/master/sprites/pokemon/736.png,bug,300,generation-vii
736,-0.2696304640217599,-1.3970187973115946,-0.11011564801918487,charjabug,737,https://raw.githubusercontent.com/PokeAPI/sprites/master/sprites/pokemon/737.png,bug,400,generation-vii
737,1.210312242225443,-0.05666750708842408,-1.300728139367848,vikavolt,738,https://raw.githubusercontent.com/PokeAPI/sprites/master/sprites/pokemon/738.png,bug,500,generation-vii
738,-1.312519214305634,0.08002820313161708,0.726223800738646,crabrawler,739,https://raw.githubusercontent.com/PokeAPI/sprites/master/sprites/pokemon/739.png,fighting,338,generation-vii
739,0.9062903921607374,-0.9611067870507847,1.5149591242216427,crabominable,740,https://raw.githubusercontent.com/PokeAPI/sprites/master/sprites/pokemon/740.png,fighting,478,generation-vii
740,0.6637883273590205,1.0333311701772572,-0.353507231948333,oricorio-baile,741,https://raw.githubusercontent.com/PokeAPI/sprites/master/sprites/pokemon/741.png,fire,476,generation-vii
741,-1.897407297059425,1.2436110307973636,-0.05173394206617949,cutiefly,742,https://raw.githubusercontent.com/PokeAPI/sprites/master/sprites/pokemon/742.png,bug,304,generation-vii
742,0.354949763691347,2.037889417066659,-0.6447238523961735,ribombee,743,https://raw.githubusercontent.com/PokeAPI/sprites/master/sprites/pokemon/743.png,bug,464,generation-vii
743,-2.1480006849917785,0.2883441681522596,0.6475865203172951,rockruff,744,https://raw.githubusercontent.com/PokeAPI/sprites/master/sprites/pokemon/744.png,rock,280,generation-vii
744,0.7404759083369504,1.0064915953902436,1.3810273986463304,lycanroc-midday,745,https://raw.githubusercontent.com/PokeAPI/sprites/master/sprites/pokemon/745.png,rock,487,generation-vii
745,-3.6139532781780046,0.3314236434925093,-0.004780720213630064,wishiwashi-solo,746,https://raw.githubusercontent.com/PokeAPI/sprites/master/sprites/pokemon/746.png,water,175,generation-vii
746,-1.71600479894447,-0.4284722929046381,-0.07882400794526971,mareanie,747,https://raw.githubusercontent.com/PokeAPI/sprites/master/sprites/pokemon/747.png,poison,305,generation-vii
747,1.185100079973176,-2.9571407123882487,-2.095918849973046,toxapex,748,https://raw.githubusercontent.com/PokeAPI/sprites/master/sprites/pokemon/748.png,poison,495,generation-vii
748,-0.5195235463956744,-0.7487150344151741,1.0457347566904915,mudbray,749,https://raw.githubusercontent.com/PokeAPI/sprites/master/sprites/pokemon/749.png,ground,385,generation-vii
749,1.272635114310726,-1.8148544211030666,1.0351552948572267,mudsdale,750,https://raw.githubusercontent.com/PokeAPI/sprites/master/sprites/pokemon/750.png,ground,500,generation-vii
750,-2.132889370037936,-0.7690562023932092,-0.9660714630735683,dewpider,751,https://raw.githubusercontent.com/PokeAPI/sprites/master/sprites/pokemon/751.png,water,269,generation-vii
751,0.6347122451113515,-1.6258262444806917,-1.4261813440760691,araquanid,752,https://raw.githubusercontent.com/PokeAPI/sprites/master/sprites/pokemon/752.png,water,454,generation-vii
752,-2.495591320369868,0.0901422935374337,0.11753691033075472,fomantis,753,https://raw.githubusercontent.com/PokeAPI/sprites/master/sprites/pokemon/753.png,grass,250,generation-vii
753,0.9249157067303283,-0.9560610548662432,-0.09348809771007177,lurantis,754,https://raw.githubusercontent.com/PokeAPI/sprites/master/sprites/pokemon/754.png,grass,480,generation-vii
754,-1.842162859003728,-0.8315705642623656,-1.5034942986545314,morelull,755,https://raw.githubusercontent.com/PokeAPI/sprites/master/sprites/pokemon/755.png,grass,285,generation-vii
755,-0.0936800064663257,-0.9033453740220577,-1.908063488212902,shiinotic,756,https://raw.githubusercontent.com/PokeAPI/sprites/master/sprites/pokemon/756.png,grass,405,generation-vii
756,-1.6223099323364583,1.2452333709437868,-0.23132103601877443,salandit,757,https://raw.githubusercontent.com/PokeAPI/sprites/master/sprites/pokemon/757.png,poison,320,generation-vii
757,0.6093058214145676,2.0820659999043167,-0.3863221882514456,salazzle,758,https://raw.githubusercontent.com/PokeAPI/sprites/master/sprites/pokemon/758.png,poison,480,generation-vii
758,-1.1849610000252666,-0.1382577797819964,0.6529303320066534,stufful,759,https://raw.githubusercontent.com/PokeAPI/sprites/master/sprites/pokemon/759.png,normal,340,generation-vii
759,1.1711438222176802,-0.7021389173824706,1.9264867111137496,bewear,760,https://raw.githubusercontent.com/PokeAPI/sprites/master/sprites/pokemon/760.png,normal,500,generation-vii
760,-3.0674265797457085,-0.2605546139500938,-0.22250219161745644,bounsweet,761,https://raw.githubusercontent.com/PokeAPI/sprites/master/sprites/pokemon/761.png,grass,210,generation-vii
761,-1.9930846216447862,0.28054881704146806,-0.12330566517349001,steenee,762,https://raw.githubusercontent.com/PokeAPI/sprites/master/sprites/pokemon/762.png,grass,290,generation-vii
762,1.2619598069428941,-0.9124428778303727,0.5845271356969471,tsareena,763,https://raw.githubusercontent.com/PokeAPI/sprites/master/sprites/pokemon/763.png,grass,510,generation-vii
763,0.7920222247510691,0.4649436158333228,-1.6516291876608171,comfey,764,https://raw.githubusercontent.com/PokeAPI/sprites/master/sprites/pokemon/764.png,fairy,485,generation-vii
764,1.0921087424552687,-0.3581760829402503,-1.3561134378375792,oranguru,765,https://raw.githubusercontent.com/PokeAPI/sprites/master/sprites/pokemon/765.png,normal,490,generation-vii
765,0.9029266447278245,-0.5222237100775987,1.8924072526230755,passimian,766,https://raw.githubusercontent.com/PokeAPI/sprites/master/sprites/pokemon/766.png,fighting,490,generation-vii
766,-3.010811705141493,0.8488583305173519,0.23712355928149687,wimpod,767,https://raw.githubusercontent.com/PokeAPI/sprites/master/sprites/pokemon/767.png,bug,230,generation-vii
767,1.619374746624945,-2.386781816991742,0.5966623180727231,golisopod,768,https://raw.githubusercontent.com/PokeAPI/sprites/master/sprites/pokemon/768.png,bug,530,generation-vii
768,-1.4029404613388343,-1.1696278109617075,-0.3304361438890688,sandygast,769,https://raw.githubusercontent.com/PokeAPI/sprites/master/sprites/pokemon/769.png,ghost,320,generation-vii
769,0.9298047117815884,-1.2429167313311231,-0.5716375644862304,palossand,770,https://raw.githubusercontent.com/PokeAPI/sprites/master/sprites/pokemon/770.png,ghost,480,generation-vii
770,0.06707571777632138,-3.466638551663822,-1.6663263606123402,pyukumuku,771,https://raw.githubusercontent.com/PokeAPI/sprites/master/sprites/pokemon/771.png,water,410,generation-vii
771,1.698544192830563,-0.6176376426803936,-0.2948383853909178,type-null,772,https://raw.githubusercontent.com/PokeAPI/sprites/master/sprites/pokemon/772.png,normal,534,generation-vii
772,2.0809044389060505,0.26606676927810474,-0.1287438104783934,silvally,773,https://raw.githubusercontent.com/PokeAPI/sprites/master/sprites/pokemon/773.png,normal,570,generation-vii
773,0.2698909596856516,-0.9691550523631339,-1.0668486755714854,minior-red-meteor,774,https://raw.githubusercontent.com/PokeAPI/sprites/master/sprites/pokemon/774.png,rock,440,generation-vii
774,0.879466220030614,-0.06299860207500187,0.1325995186827867,komala,775,https://raw.githubusercontent.com/PokeAPI/sprites/master/sprites/pokemon/775.png,normal,480,generation-vii
775,0.9543007528962657,-1.8226094434854427,-0.882667439422138,turtonator,776,https://raw.githubusercontent.com/PokeAPI/sprites/master/sprites/pokemon/776.png,fire,485,generation-vii
776,0.046914116419673635,0.4866543171399226,0.8556873678636897,togedemaru,777,https://raw.githubusercontent.com/PokeAPI/sprites/master/sprites/pokemon/777.png,electric,435,generation-vii
777,0.6810869646317667,0.1115172476009641,-0.2731578560031211,mimikyu-disguised,778,https://raw.githubusercontent.com/PokeAPI/sprites/master/sprites/pokemon/778.png,ghost,476,generation-vii
778,0.6416180736260004,0.6110087592792094,0.6900597761787434,bruxish,779,https://raw.githubusercontent.com/PokeAPI/sprites/master/sprites/pokemon/779.png,water,475,generation-vii
779,1.0585938724487955,-0.33522331467702665,-1.7601954370587274,drampa,780,https://raw.githubusercontent.com/PokeAPI/sprites/master/sprites/pokemon/780.png,normal,485,generation-vii
780,1.4759852602897328,-1.2622340978202244,0.35995338542889327,dhelmise,781,https://raw.githubusercontent.com/PokeAPI/sprites/master/sprites/pokemon/781.png,ghost,517,generation-vii
781,-1.8141260569309028,-0.407729475382353,0.0398562182197207,jangmo-o,782,https://raw.githubusercontent.com/PokeAPI/sprites/master/sprites/pokemon/782.png,dragon,300,generation-vii
782,-0.09937631592783858,-0.4084058122471784,-0.1645195424011594,hakamo-o,783,https://raw.githubusercontent.com/PokeAPI/sprites/master/sprites/pokemon/783.png,dragon,420,generation-vii
783,2.5183216163621354,-0.5538633563015373,-0.36547611941456754,kommo-o,784,https://raw.githubusercontent.com/PokeAPI/sprites/master/sprites/pokemon/784.png,dragon,600,generation-vii
784,1.877771932812234,1.489656234162357,0.6550636627457835,tapu-koko,785,https://raw.githubusercontent.com/PokeAPI/sprites/master/sprites/pokemon/785.png,electric,570,generation-vii
785,2.118787793902201,1.0689687577609814,-1.493191659730748,tapu-lele,786,https://raw.githubusercontent.com/PokeAPI/sprites/master/sprites/pokemon/786.png,psychic,570,generation-vii
786,2.1028721013811373,-0.7462927382764456,0.39236218218131036,tapu-bulu,787,https://raw.githubusercontent.com/PokeAPI/sprites/master/sprites/pokemon/787.png,grass,570,generation-vii
787,2.135750063736765,-0.48354296663527385,-1.656679462855413,tapu-fini,788,https://raw.githubusercontent.com/PokeAPI/sprites/master/sprites/pokemon/788.png,water,570,generation-vii
788,-3.2387870802504115,0.03437092616215469,-0.03763324456256166,cosmog,789,https://raw.githubusercontent.com/PokeAPI/sprites/master/sprites/pokemon/789.png,psychic,200,generation-vii
789,-0.22452428556307336,-2.614813942674143,-2.3223299845131344,cosmoem,790,https://raw.githubusercontent.com/PokeAPI/sprites/master/sprites/pokemon/790.png,psychic,400,generation-vii
790,3.7158394099130327,0.11058318745975806,1.1144173931947134,solgaleo,791,https://raw.githubusercontent.com/PokeAPI/sprites/master/sprites/pokemon/791.png,psychic,680,generation-vii
791,3.7785287817537494,0.7028704799501576,-0.10544486051527133,lunala,792,https://raw.githubusercontent.com/PokeAPI/sprites/master/sprites/pokemon/792.png,psychic,680,generation-vii
792,2.206114838777126,1.6342544477370806,-2.0400147442192584,nihilego,793,https://raw.githubusercontent.com/PokeAPI/sprites/master/sprites/pokemon/793.png,rock,570,generation-vii
793,2.0138159764210815,-1.3886293280701711,2.325522126543823,buzzwole,794,https://raw.githubusercontent.com/PokeAPI/sprites/master/sprites/pokemon/794.png,bug,570,generation-vii
794,1.7807024713128345,3.677272829263717,1.5633193048131873,pheromosa,795,https://raw.githubusercontent.com/PokeAPI/sprites/master/sprites/pokemon/795.png,bug,570,generation-vii
795,2.1020647356541615,1.6158291396703717,-0.908426206677317,xurkitree,796,https://raw.githubusercontent.com/PokeAPI/sprites/master/sprites/pokemon/796.png,electric,570,generation-vii
796,2.2246732061707672,-0.6396032321294882,-0.4303319409903006,celesteela,797,https://raw.githubusercontent.com/PokeAPI/sprites/master/sprites/pokemon/797.png,steel,570,generation-vii
797,1.7948713002319847,-0.21677302443627927,3.2867552002316116,kartana,798,https://raw.githubusercontent.com/PokeAPI/sprites/master/sprites/pokemon/798.png,grass,570,generation-vii
798,2.4257060610350094,-0.28902309698940315,2.0253010311138655,guzzlord,799,https://raw.githubusercontent.com/PokeAPI/sprites/master/sprites/pokemon/799.png,dark,570,generation-vii
799,2.5714599848252453,0.15204554483548524,-0.21105313251323332,necrozma,800,https://raw.githubusercontent.com/PokeAPI/sprites/master/sprites/pokemon/800.png,psychic,600,generation-vii
800,2.642289407680052,-0.5232336349072731,-1.3370309997155447,magearna,801,https://raw.githubusercontent.com/PokeAPI/sprites/master/sprites/pokemon/801.png,steel,600,generation-vii
801,2.4016097971409907,1.2247926683344355,0.7909890300341991,marshadow,802,https://raw.githubusercontent.com/PokeAPI/sprites/master/sprites/pokemon/802.png,fighting,600,generation-vii
802,-0.09205600519229593,0.33355538479366287,-0.0692805531078654,poipole,803,https://raw.githubusercontent.com/PokeAPI/sprites/master/sprites/pokemon/803.png,poison,420,generation-vii
803,1.4919513126618456,1.997041129322909,-0.6275347464466238,naganadel,804,https://raw.githubusercontent.com/PokeAPI/sprites/master/sprites/pokemon/804.png,poison,540,generation-vii
804,2.2284524970377326,-4.599788015136948,0.258224463157064,stakataka,805,https://raw.githubusercontent.com/PokeAPI/sprites/master/sprites/pokemon/805.png,rock,570,generation-vii
805,2.003569901700769,2.2564817433926563,-0.16863611949120094,blacephalon,806,https://raw.githubusercontent.com/PokeAPI/sprites/master/sprites/pokemon/806.png,fire,570,generation-vii
806,2.312713724554189,2.0131056615741953,0.6413041913238492,zeraora,807,https://raw.githubusercontent.com/PokeAPI/sprites/master/sprites/pokemon/807.png,electric,600,generation-vii
807,-1.7880423033954507,-0.5155566775449263,0.30693258044779725,meltan,808,https://raw.githubusercontent.com/PokeAPI/sprites/master/sprites/pokemon/808.png,steel,300,generation-vii
808,2.695367597171546,-2.4159209826047556,1.873765434610479,melmetal,809,https://raw.githubusercontent.com/PokeAPI/sprites/master/sprites/pokemon/809.png,steel,600,generation-vii
809,-1.7334341709387842,0.31748298228815597,0.5857774726667867,grookey,810,https://raw.githubusercontent.com/PokeAPI/sprites/master/sprites/pokemon/810.png,grass,310,generation-viii
810,-0.13653911145130174,0.23366616369568036,0.6418321672341424,thwackey,811,https://raw.githubusercontent.com/PokeAPI/sprites/master/sprites/pokemon/811.png,grass,420,generation-viii
811,1.4923314053269614,-0.22904094790527232,1.5401117339375747,rillaboom,812,https://raw.githubusercontent.com/PokeAPI/sprites/master/sprites/pokemon/812.png,grass,530,generation-viii
812,-1.736750759742485,0.6032927319556174,0.7400402637134456,scorbunny,813,https://raw.githubusercontent.com/PokeAPI/sprites/master/sprites/pokemon/813.png,fire,310,generation-viii
813,-0.18694704178756147,0.7915417394686463,0.6823254525415753,raboot,814,https://raw.githubusercontent.com/PokeAPI/sprites/master/sprites/pokemon/814.png,fire,420,generation-viii
814,1.3585086546996694,1.0182844432665448,1.127869328419374,cinderace,815,https://raw.githubusercontent.com/PokeAPI/sprites/master/sprites/pokemon/815.png,fire,530,generation-viii
815,-1.7381859263417294,1.0635153256580023,-0.3160960721279367,sobble,816,https://raw.githubusercontent.com/PokeAPI/sprites/master/sprites/pokemon/816.png,water,310,generation-viii
816,-0.17112261715164997,1.373415723474851,-0.305289794658487,drizzile,817,https://raw.githubusercontent.com/PokeAPI/sprites/master/sprites/pokemon/817.png,water,420,generation-viii
817,1.3388759062802094,2.1432543532762813,-0.1954609441781221,inteleon,818,https://raw.githubusercontent.com/PokeAPI/sprites/master/sprites/pokemon/818.png,water,530,generation-viii
818,-2.076145300891733,-0.8352188044333347,0.5665719710913975,skwovet,819,https://raw.githubusercontent.com/PokeAPI/sprites/master/sprites/pokemon/819.png,normal,275,generation-viii
819,0.758031188785775,-2.016265675713976,0.7517446929764572,greedent,820,https://raw.githubusercontent.com/PokeAPI/sprites/master/sprites/pokemon/820.png,normal,460,generation-viii
820,-2.662380267907825,0.44511301943725257,0.2475303246867676,rookidee,821,https://raw.githubusercontent.com/PokeAPI/sprites/master/sprites/pokemon/821.png,flying,245,generation-viii
821,-0.9264155707361441,0.39116992344156143,0.495918019364976,corvisquire,822,https://raw.githubusercontent.com/PokeAPI/sprites/master/sprites/pokemon/822.png,flying,365,generation-viii
822,1.0601069225971038,-1.0654106490820063,0.3648034095161387,corviknight,823,https://raw.githubusercontent.com/PokeAPI/sprites/master/sprites/pokemon/823.png,flying,495,generation-viii
823,-3.545365378739891,0.38856171127160055,-0.6339997901335239,blipbug,824,https://raw.githubusercontent.com/PokeAPI/sprites/master/sprites/pokemon/824.png,bug,180,generation-viii
824,-1.1585371933464834,-1.277036778652478,-1.483478949361738,dottler,825,https://raw.githubusercontent.com/PokeAPI/sprites/master/sprites/pokemon/825.png,bug,335,generation-viii
825,1.1326450585681542,-0.2837773156195218,-1.963929066427762,orbeetle,826,https://raw.githubusercontent.com/PokeAPI/sprites/master/sprites/pokemon/826.png,bug,505,generation-viii
826,-2.5858376729498067,0.5113438004757929,-0.730082146180427,nickit,827,https://raw.githubusercontent.com/PokeAPI/sprites/master/sprites/pokemon/827.png,dark,245,generation-viii
827,0.4213531541900941,0.9658040221633027,-1.0158986286986937,thievul,828,https://raw.githubusercontent.com/PokeAPI/sprites/master/sprites/pokemon/828.png,dark,455,generation-viii
828,-2.375434335988247,-1.2760514928127487,-0.7621649985491582,gossifleur,829,https://raw.githubusercontent.com/PokeAPI/sprites/master/sprites/pokemon/829.png,grass,250,generation-viii
829,0.6196476875450666,-0.6297564730825951,-1.9818060641726267,eldegoss,830,https://raw.githubusercontent.com/PokeAPI/sprites/master/sprites/pokemon/830.png,grass,460,generation-viii
830,-2.258128226263942,-0.15281795128007758,-0.22965178887965446,wooloo,831,https://raw.githubusercontent.com/PokeAPI/sprites/master/sprites/pokemon/831.png,normal,270,generation-viii
831,0.8851065165993056,-0.2987538797366829,-0.1590645830128713,dubwool,832,https://raw.githubusercontent.com/PokeAPI/sprites/master/sprites/pokemon/832.png,normal,490,generation-viii
832,-2.0342020623414374,-0.20754319942781807,0.5378498684355643,chewtle,833,https://raw.githubusercontent.com/PokeAPI/sprites/master/sprites/pokemon/833.png,water,284,generation-viii
833,0.8581727976462183,-0.5803667485334041,1.3706503895967153,drednaw,834,https://raw.githubusercontent.com/PokeAPI/sprites/master/sprites/pokemon/834.png,water,485,generation-viii
834,-2.129896571414256,-0.6890256377647839,-0.15439039745951386,yamper,835,https://raw.githubusercontent.com/PokeAPI/sprites/master/sprites/pokemon/835.png,electric,270,generation-viii
835,0.7393350034074461,1.8627983051584502,0.4778628716129186,boltund,836,https://raw.githubusercontent.com/PokeAPI/sprites/master/sprites/pokemon/836.png,electric,490,generation-viii
836,-2.6242408535976476,-0.4887162747377558,-0.5454050095445115,rolycoly,837,https://raw.githubusercontent.com/PokeAPI/sprites/master/sprites/pokemon/837.png,rock,240,generation-viii
837,-0.1532288089539027,-0.8841113571417203,-0.23222862261660718,carkol,838,https://raw.githubusercontent.com/PokeAPI/sprites/master/sprites/pokemon/838.png,rock,410,generation-viii
838,1.4394507961406657,-1.9978112361202058,-0.30526041864491343,coalossal,839,https://raw.githubusercontent.com/PokeAPI/sprites/master/sprites/pokemon/839.png,rock,510,generation-viii
839,-2.336545605282155,-1.3033383639702358,-0.2843292381820008,applin,840,https://raw.githubusercontent.com/PokeAPI/sprites/master/sprites/pokemon/840.png,grass,260,generation-viii
840,0.8488467418989647,0.224401415227378,0.6067189765876989,flapple,841,https://raw.githubusercontent.com/PokeAPI/sprites/master/sprites/pokemon/841.png,grass,485,generation-viii
841,1.1051323529805557,-0.8962295777182464,-0.21106479552882107,appletun,842,https://raw.githubusercontent.com/PokeAPI/sprites/master/sprites/pokemon/842.png,grass,485,generation-viii
842,-1.5923053267827947,-0.7651242360540039,0.1735946983405746,silicobra,843,https://raw.githubusercontent.com/PokeAPI/sprites/master/sprites/pokemon/843.png,ground,315,generation-viii
843,1.1743714769370694,-1.0863808425749857,0.7085044461746383,sandaconda,844,https://raw.githubusercontent.com/PokeAPI/sprites/master/sprites/pokemon/844.png,ground,510,generation-viii
844,0.7451771134193023,0.8007937931147044,-0.49487095078007554,cramorant,845,https://raw.githubusercontent.com/PokeAPI/sprites/master/sprites/pokemon/845.png,flying,475,generation-viii
845,-2.197422158810211,0.6396146502453175,0.6821090156086188,arrokuda,846,https://raw.githubusercontent.com/PokeAPI/sprites/master/sprites/pokemon/846.png,water,280,generation-viii
846,0.6446827165548497,1.8804352759161072,1.7899567563688625,barraskewda,847,https://raw.githubusercontent.com/PokeAPI/sprites/master/sprites/pokemon/847.png,water,490,generation-viii
847,-2.632979047712726,0.29890891565593736,-0.27852814199490505,toxel,848,https://raw.githubusercontent.com/PokeAPI/sprites/master/sprites/pokemon/848.png,electric,242,generation-viii
848,1.119938407293745,0.7271353153509242,-0.04112795826232977,toxtricity-amped,849,https://raw.githubusercontent.com/PokeAPI/sprites/master/sprites/pokemon/849.png,electric,502,generation-viii
849,-1.6975769434776777,-0.014622084113896698,0.14393867776994534,sizzlipede,850,https://raw.githubusercontent.com/PokeAPI/sprites/master/sprites/pokemon/850.png,fire,305,generation-viii
850,1.5765190811787493,0.04317105185684373,0.41178522443464916,centiskorch,851,https://raw.githubusercontent.com/PokeAPI/sprites/master/sprites/pokemon/851.png,fire,525,generation-viii
851,-1.590786951988575,-0.6412260272750384,0.13924351564150483,clobbopus,852,https://raw.githubusercontent.com/PokeAPI/sprites/master/sprites/pokemon/852.png,fighting,310,generation-viii
852,0.9284772781997828,-1.1479194897245935,0.629952413228478,grapploct,853,https://raw.githubusercontent.com/PokeAPI/sprites/master/sprites/pokemon/853.png,fighting,480,generation-viii
853,-1.676436304119678,0.4519938469949179,-0.7708428352568538,sinistea,854,https://raw.githubusercontent.com/PokeAPI/sprites/master/sprites/pokemon/854.png,ghost,308,generation-viii
854,1.3082862948773177,0.7863755880893313,-2.167875919047255,polteageist,855,https://raw.githubusercontent.com/PokeAPI/sprites/master/sprites/pokemon/855.png,ghost,508,generation-viii
855,-2.264084901528437,-0.0063370110380875705,-0.8673176150217261,hatenna,856,https://raw.githubusercontent.com/PokeAPI/sprites/master/sprites/pokemon/856.png,psychic,265,generation-viii
856,-0.7254835278738531,0.008738782217818857,-1.29799274327807,hattrem,857,https://raw.githubusercontent.com/PokeAPI/sprites/master/sprites/pokemon/857.png,psychic,370,generation-viii
857,1.4387706674237961,-0.7716065227890351,-1.6493284998641082,hatterene,858,https://raw.githubusercontent.com/PokeAPI/sprites/master/sprites/pokemon/858.png,psychic,510,generation-viii
858,-2.31250653625062,0.5939157137354323,-0.15029857379354827,impidimp,859,https://raw.githubusercontent.com/PokeAPI/sprites/master/sprites/pokemon/859.png,dark,265,generation-viii
859,-0.812781700107021,0.8375454886051956,-0.13013487483268998,morgrem,860,https://raw.githubusercontent.com/PokeAPI/sprites/master/sprites/pokemon/860.png,dark,370,generation-viii
860,1.3394363366062274,0.08310869648712542,0.7125982593970902,grimmsnarl,861,https://raw.githubusercontent.com/PokeAPI/sprites/master/sprites/pokemon/861.png,dark,510,generation-viii
861,1.3044411170223584,-0.17694672718105048,0.5067407175735216,obstagoon,862,https://raw.githubusercontent.com/PokeAPI/sprites/master/sprites/pokemon/862.png,dark,520,generation-viii
862,0.23964249597719334,-1.2203826172979064,1.0893424708565596,perrserker,863,https://raw.githubusercontent.com/PokeAPI/sprites/master/sprites/pokemon/863.png,steel,440,generation-viii
863,1.5535399316149325,0.07254532116755828,-2.194542886964073,cursola,864,https://raw.githubusercontent.com/PokeAPI/sprites/master/sprites/pokemon/864.png,ghost,510,generation-viii
864,1.2055970671222183,-0.7013359819892034,0.8943311753925068,sirfetchd,865,https://raw.githubusercontent.com/PokeAPI/sprites/master/sprites/pokemon/865.png,fighting,507,generation-viii
865,1.4663926179438578,0.2746463857429094,-0.9101920770061754,mr-rime,866,https://raw.githubusercontent.com/PokeAPI/sprites/master/sprites/pokemon/866.png,ice,520,generation-viii
866,0.9716716107832003,-2.833126519486634,-0.4795711542903935,runerigus,867,https://raw.githubusercontent.com/PokeAPI/sprites/master/sprites/pokemon/867.png,ground,483,generation-viii
867,-2.143959788392158,-0.1849920747738189,-0.7395982365549908,milcery,868,https://raw.githubusercontent.com/PokeAPI/sprites/master/sprites/pokemon/868.png,fairy,270,generation-viii
868,1.1477977813870563,0.09388912932772053,-2.0999593020039105,alcremie,869,https://raw.githubusercontent.com/PokeAPI/sprites/master/sprites/pokemon/869.png,fairy,495,generation-viii
869,0.5738208976605368,-0.3236764965232992,0.675744933473219,falinks,870,https://raw.githubusercontent.com/PokeAPI/sprites/master/sprites/pokemon/870.png,fighting,470,generation-viii
870,0.3416096726811962,-1.5476869066581191,-0.5826888595856882,pincurchin,871,https://raw.githubusercontent.com/PokeAPI/sprites/master/sprites/pokemon/871.png,electric,435,generation-viii
871,-3.412728446494935,-0.21071186316617546,-0.5267820147195706,snom,872,https://raw.githubusercontent.com/PokeAPI/sprites/master/sprites/pokemon/872.png,ice,185,generation-viii
872,0.8130276454097596,0.7762319849103734,-1.4331186555453217,frosmoth,873,https://raw.githubusercontent.com/PokeAPI/sprites/master/sprites/pokemon/873.png,ice,475,generation-viii
873,0.507058857498254,-1.6699725802974248,3.0755456109283985,stonjourner,874,https://raw.githubusercontent.com/PokeAPI/sprites/master/sprites/pokemon/874.png,rock,470,generation-viii
874,0.737165890416722,-1.3802500894913632,-0.3747814023660682,eiscue-ice,875,https://raw.githubusercontent.com/PokeAPI/sprites/master/sprites/pokemon/875.png,ice,470,generation-viii
875,0.6933350024443281,1.3667395810890146,-1.2454961119470271,indeedee-male,876,https://raw.githubusercontent.com/PokeAPI/sprites/master/sprites/pokemon/876.png,psychic,475,generation-viii
876,0.026407086000281892,1.1048324241011995,0.6674783006141418,morpeko-full-belly,877,https://raw.githubusercontent.com/PokeAPI/sprites/master/sprites/pokemon/877.png,electric,436,generation-viii
877,-1.289791614681031,-0.4357839721289549,0.8236313308162526,cufant,878,https://raw.githubusercontent.com/PokeAPI/sprites/master/sprites/pokemon/878.png,steel,330,generation-viii
878,1.3305833677307617,-0.9858728520352018,1.3973845949390826,copperajah,879,https://raw.githubusercontent.com/PokeAPI/sprites/master/sprites/pokemon/879.png,steel,500,generation-viii
879,1.1546657129589355,-0.14318459495363814,0.5892971456863113,dracozolt,880,https://raw.githubusercontent.com/PokeAPI/sprites/master/sprites/pokemon/880.png,electric,505,generation-viii
880,1.2574642041923103,-0.5756143229420652,0.14430322959658204,arctozolt,881,https://raw.githubusercontent.com/PokeAPI/sprites/master/sprites/pokemon/881.png,electric,505,generation-viii
881,1.1616124492632145,-0.5091744920725747,0.27555786584336905,dracovish,882,https://raw.githubusercontent.com/PokeAPI/sprites/master/sprites/pokemon/882.png,water,505,generation-viii
882,1.264410940496589,-0.9416042200610018,-0.16943605024636021,arctovish,883,https://raw.githubusercontent.com/PokeAPI/sprites/master/sprites/pokemon/883.png,water,505,generation-viii
883,1.458197683792099,0.29414632914986166,0.22585534139453117,duraludon,884,https://raw.githubusercontent.com/PokeAPI/sprites/master/sprites/pokemon/884.png,steel,535,generation-viii
884,-2.4131509088803633,1.2804467525064824,0.5623104876403029,dreepy,885,https://raw.githubusercontent.com/PokeAPI/sprites/master/sprites/pokemon/885.png,dragon,270,generation-viii
885,-0.36970651639718505,1.3178201521068802,0.7841229105090566,drakloak,886,https://raw.githubusercontent.com/PokeAPI/sprites/master/sprites/pokemon/886.png,dragon,410,generation-viii
886,2.3062272669371087,1.9787636955863037,0.9465455742549397,dragapult,887,https://raw.githubusercontent.com/PokeAPI/sprites/master/sprites/pokemon/887.png,dragon,600,generation-viii
887,3.238014755374469,0.5627397721718339,0.31692514631924573,zacian,888,https://raw.githubusercontent.com/PokeAPI/sprites/master/sprites/pokemon/888.png,fairy,660,generation-viii
888,3.238014755374469,0.5627397721718339,0.31692514631924573,zamazenta,889,https://raw.githubusercontent.com/PokeAPI/sprites/master/sprites/pokemon/889.png,fighting,660,generation-viii
889,3.763338300132287,1.6192561532894998,-0.3679608837085484,eternatus,890,https://raw.githubusercontent.com/PokeAPI/sprites/master/sprites/pokemon/890.png,poison,690,generation-viii
890,-0.6388711287496351,0.298261001264361,0.8634340942344332,kubfu,891,https://raw.githubusercontent.com/PokeAPI/sprites/master/sprites/pokemon/891.png,fighting,385,generation-viii
891,1.7038279482400236,-0.04487453118097836,1.8800725285172293,urshifu-single-strike,892,https://raw.githubusercontent.com/PokeAPI/sprites/master/sprites/pokemon/892.png,fighting,550,generation-viii
892,2.478614109698611,-0.08183207247375497,0.8810403957071724,zarude,893,https://raw.githubusercontent.com/PokeAPI/sprites/master/sprites/pokemon/893.png,dark,600,generation-viii
893,1.747239441658575,4.133411620406008,1.2704703623387836,regieleki,894,https://raw.githubusercontent.com/PokeAPI/sprites/master/sprites/pokemon/894.png,electric,580,generation-viii
894,2.390336452931539,0.8100922193046466,1.964635165265457,regidrago,895,https://raw.githubusercontent.com/PokeAPI/sprites/master/sprites/pokemon/895.png,dragon,580,generation-viii
895,2.4813184751110278,-2.620855534565979,0.7388562300525491,glastrier,896,https://raw.githubusercontent.com/PokeAPI/sprites/master/sprites/pokemon/896.png,ice,580,generation-viii
896,2.1106185477052373,2.58724171463519,-0.8602323362433008,spectrier,897,https://raw.githubusercontent.com/PokeAPI/sprites/master/sprites/pokemon/897.png,ghost,580,generation-viii
897,1.1076302342938948,0.12789229477178268,0.06884244327749751,calyrex,898,https://raw.githubusercontent.com/PokeAPI/sprites/master/sprites/pokemon/898.png,psychic,500,generation-viii
898,1.541575204130632,0.195573738406656,0.3601336293794633,wyrdeer,899,https://raw.githubusercontent.com/PokeAPI/sprites/master/sprites/pokemon/899.png,normal,525,generation-viii
899,1.0051516754491938,-0.4408505204171297,1.636672173700857,kleavor,900,https://raw.githubusercontent.com/PokeAPI/sprites/master/sprites/pokemon/900.png,bug,500,generation-viii
900,1.9670556316801686,-1.7646025489456396,1.9785430192135216,ursaluna,901,https://raw.githubusercontent.com/PokeAPI/sprites/master/sprites/pokemon/901.png,ground,550,generation-viii
901,1.5911653490231388,0.2794787532525024,1.0787827886999084,basculegion-male,902,https://raw.githubusercontent.com/PokeAPI/sprites/master/sprites/pokemon/902.png,water,530,generation-viii
902,1.0884085345857257,0.9743044733819674,1.65942907306906,sneasler,903,https://raw.githubusercontent.com/PokeAPI/sprites/master/sprites/pokemon/903.png,fighting,510,generation-viii
903,1.162833001725442,-0.1669181875007885,1.2109504684951553,overqwil,904,https://raw.githubusercontent.com/PokeAPI/sprites/master/sprites/pokemon/904.png,dark,510,generation-viii
904,2.1604426185291485,1.647916753183306,-0.037925509116887954,enamorus-incarnate,905,https://raw.githubusercontent.com/PokeAPI/sprites/master/sprites/pokemon/905.png,fairy,580,generation-viii
905,-1.7407943098801428,0.30663764085781464,0.2165776201618391,sprigatito,906,https://raw.githubusercontent.com/PokeAPI/sprites/master/sprites/pokemon/906.png,grass,310,generation-ix
906,-0.2915154120221619,0.5290554533634922,0.32666219448571426,floragato,907,https://raw.githubusercontent.com/PokeAPI/sprites/master/sprites/pokemon/907.png,grass,410,generation-ix
907,1.3345608381522063,1.4710080826981167,0.880572189735605,meowscarada,908,https://raw.githubusercontent.com/PokeAPI/sprites/master/sprites/pokemon/908.png,grass,530,generation-ix
908,-1.6032354654737533,-0.3026347237838278,-0.10887260048508286,fuecoco,909,https://raw.githubusercontent.com/PokeAPI/sprites/master/sprites/pokemon/909.png,fire,310,generation-ix
909,-0.13995113029798875,-0.21468704694919497,-0.45187413229597245,crocalor,910,https://raw.githubusercontent.com/PokeAPI/sprites/master/sprites/pokemon/910.png,fire,411,generation-ix
910,1.5764788732556747,-0.2183060765798891,-0.3552907060098261,skeledirge,911,https://raw.githubusercontent.com/PokeAPI/sprites/master/sprites/pokemon/911.png,fire,530,generation-ix
911,-1.6483419311713228,0.12451430379523655,0.33007930895000986,quaxly,912,https://raw.githubusercontent.com/PokeAPI/sprites/master/sprites/pokemon/912.png,water,310,generation-ix
912,-0.21512004618168598,0.08856698488763326,0.44522149490665547,quaxwell,913,https://raw.githubusercontent.com/PokeAPI/sprites/master/sprites/pokemon/913.png,water,410,generation-ix
913,1.4983083812750677,0.30450183554753696,0.8450516224282455,quaquaval,914,https://raw.githubusercontent.com/PokeAPI/sprites/master/sprites/pokemon/914.png,water,530,generation-ix
914,-2.4057007610577683,-0.2809738775450142,0.017810840363760932,lechonk,915,https://raw.githubusercontent.com/PokeAPI/sprites/master/sprites/pokemon/915.png,normal,254,generation-ix
915,1.0246577819398934,-0.47274418862477313,0.8126100067412794,oinkologne-male,916,https://raw.githubusercontent.com/PokeAPI/sprites/master/sprites/pokemon/916.png,normal,489,generation-ix
916,-3.032800313795339,-0.7225672715185947,-0.1490369888941607,tarountula,917,https://raw.githubusercontent.com/PokeAPI/sprites/master/sprites/pokemon/917.png,bug,210,generation-ix
917,-0.17652129694293353,-1.471829798986615,-0.3515972353708314,spidops,918,https://raw.githubusercontent.com/PokeAPI/sprites/master/sprites/pokemon/918.png,bug,404,generation-ix
918,-3.1622302323344464,-0.01494780333228745,0.4942662845030191,nymble,919,https://raw.githubusercontent.com/PokeAPI/sprites/master/sprites/pokemon/919.png,bug,210,generation-ix
919,0.23548973658743944,0.3229511756566509,1.2197047635391245,lokix,920,https://raw.githubusercontent.com/PokeAPI/sprites/master/sprites/pokemon/920.png,bug,450,generation-ix
920,-2.73960793711382,0.9414052728485002,0.5391424421305506,pawmi,921,https://raw.githubusercontent.com/PokeAPI/sprites/master/sprites/pokemon/921.png,electric,240,generation-ix
921,-1.2006121993165457,1.078680775569847,0.8736165335714406,pawmo,922,https://raw.githubusercontent.com/PokeAPI/sprites/master/sprites/pokemon/922.png,electric,350,generation-ix
922,0.7909118193455899,0.9663845169347959,1.208824020538396,pawmot,923,https://raw.githubusercontent.com/PokeAPI/sprites/master/sprites/pokemon/923.png,electric,490,generation-ix
923,-1.8305960466702167,0.6637188913148083,0.20024627024311756,tandemaus,924,https://raw.githubusercontent.com/PokeAPI/sprites/master/sprites/pokemon/924.png,normal,305,generation-ix
924,0.5088268649219259,1.0301434242157856,0.14682363617675476,maushold-family-of-four,925,https://raw.githubusercontent.com/PokeAPI/sprites/master/sprites/pokemon/925.png,normal,470,generation-ix
925,-1.7165764073208118,-0.24038003350244697,0.019468451153515733,fidough,926,https://raw.githubusercontent.com/PokeAPI/sprites/master/sprites/pokemon/926.png,fairy,312,generation-ix
926,0.6053533877704581,-0.4392088651152078,0.060508699755952314,dachsbun,927,https://raw.githubusercontent.com/PokeAPI/sprites/master/sprites/pokemon/927.png,fairy,477,generation-ix
927,-2.306227331029072,-0.197562491978482,-0.7930050981950819,smoliv,928,https://raw.githubusercontent.com/PokeAPI/sprites/master/sprites/pokemon/928.png,grass,260,generation-ix
928,-0.8857906015546477,-0.42655219897731583,-1.146703472430828,dolliv,929,https://raw.githubusercontent.com/PokeAPI/sprites/master/sprites/pokemon/929.png,grass,354,generation-ix
929,1.4434223457162447,-0.6199201967857454,-1.8245902060928847,arboliva,930,https://raw.githubusercontent.com/PokeAPI/sprites/master/sprites/pokemon/930.png,grass,510,generation-ix
930,-0.20868316749651852,0.782873715215996,1.4018832928934883,squawkabilly-green-plumage,931,https://raw.githubusercontent.com/PokeAPI/sprites/master/sprites/pokemon/931.png,normal,417,generation-ix
931,-2.048084141409901,-1.1893126972905372,0.3979748130737934,nacli,932,https://raw.githubusercontent.com/PokeAPI/sprites/master/sprites/pokemon/932.png,rock,280,generation-ix
932,-0.9512328663125816,-1.6648624269280572,-0.07823481813897339,naclstack,933,https://raw.githubusercontent.com/PokeAPI/sprites/master/sprites/pokemon/933.png,rock,355,generation-ix
933,1.243371362355303,-2.5174360011825923,0.4961312563153117,garganacl,934,https://raw.githubusercontent.com/PokeAPI/sprites/master/sprites/pokemon/934.png,rock,500,generation-ix
934,-2.418279403097727,-0.03145948939455816,-0.10461258991079454,charcadet,935,https://raw.githubusercontent.com/PokeAPI/sprites/master/sprites/pokemon/935.png,fire,255,generation-ix
935,1.453527856274137,0.2470300107180343,-1.1420008015569654,armarouge,936,https://raw.githubusercontent.com/PokeAPI/sprites/master/sprites/pokemon/936.png,fire,525,generation-ix
936,1.4615736408762827,-0.14252452671800545,0.6199825594187512,ceruledge,937,https://raw.githubusercontent.com/PokeAPI/sprites/master/sprites/pokemon/937.png,fire,525,generation-ix
937,-2.192881649930275,0.3117630010930268,-0.2572386427835311,tadbulb,938,https://raw.githubusercontent.com/PokeAPI/sprites/master/sprites/pokemon/938.png,electric,272,generation-ix
938,1.1820207634784299,-0.6824301935885321,-0.718255765455744,bellibolt,939,https://raw.githubusercontent.com/PokeAPI/sprites/master/sprites/pokemon/939.png,electric,495,generation-ix
939,-2.1864454345454973,1.0111303260208115,-0.22108581880551637,wattrel,940,https://raw.githubusercontent.com/PokeAPI/sprites/master/sprites/pokemon/940.png,electric,280,generation-ix
940,0.725710492411865,2.1854500396207843,-0.12078196467226987,kilowattrel,941,https://raw.githubusercontent.com/PokeAPI/sprites/master/sprites/pokemon/941.png,electric,490,generation-ix
941,-1.2133033920559295,-0.3572244808237146,0.6550620940877528,maschiff,942,https://raw.githubusercontent.com/PokeAPI/sprites/master/sprites/pokemon/942.png,dark,340,generation-ix
942,1.0993249887217489,-0.15524381607772156,1.2242281730321505,mabosstiff,943,https://raw.githubusercontent.com/PokeAPI/sprites/master/sprites/pokemon/943.png,dark,505,generation-ix
943,-2.071621255823768,0.9275348323278333,0.6484754851395351,shroodle,944,https://raw.githubusercontent.com/PokeAPI/sprites/master/sprites/pokemon/944.png,poison,290,generation-ix
944,0.7203390380561216,1.3005679642066872,0.33344902696248857,grafaiai,945,https://raw.githubusercontent.com/PokeAPI/sprites/master/sprites/pokemon/945.png,poison,485,generation-ix
945,-2.2240407396741544,0.7210424878923101,0.5171446731321263,bramblin,946,https://raw.githubusercontent.com/PokeAPI/sprites/master/sprites/pokemon/946.png,grass,275,generation-ix
946,0.7071120047044308,0.7038962663177895,0.6309221221626868,brambleghast,947,https://raw.githubusercontent.com/PokeAPI/sprites/master/sprites/pokemon/947.png,grass,480,generation-ix
947,-1.255021472120316,0.5641221781280512,-1.4887625481411275,toedscool,948,https://raw.githubusercontent.com/PokeAPI/sprites/master/sprites/pokemon/948.png,ground,335,generation-ix
948,1.3229961705372673,0.7473911125572563,-1.1418533798901185,toedscruel,949,https://raw.githubusercontent.com/PokeAPI/sprites/master/sprites/pokemon/949.png,ground,515,generation-ix
949,0.253904267710976,-1.0380029766487489,1.286310532355094,klawf,950,https://raw.githubusercontent.com/PokeAPI/sprites/master/sprites/pokemon/950.png,rock,450,generation-ix
950,-1.7457845850307672,0.42656653887832036,0.17090145881758773,capsakid,951,https://raw.githubusercontent.com/PokeAPI/sprites/master/sprites/pokemon/951.png,grass,304,generation-ix
951,0.867618856468333,0.7956776746789856,0.2632875887766322,scovillain,952,https://raw.githubusercontent.com/PokeAPI/sprites/master/sprites/pokemon/952.png,grass,486,generation-ix
952,-2.1666474112266636,-0.9076203672530629,-0.2817268284397584,rellor,953,https://raw.githubusercontent.com/PokeAPI/sprites/master/sprites/pokemon/953.png,bug,270,generation-ix
953,0.8148758901735381,-0.38655624981979503,-1.9045205016358888,rabsca,954,https://raw.githubusercontent.com/PokeAPI/sprites/master/sprites/pokemon/954.png,bug,470,generation-ix
954,-2.6010286800429756,1.3407881713698786,-0.18460168711799668,flittle,955,https://raw.githubusercontent.com/PokeAPI/sprites/master/sprites/pokemon/955.png,psychic,255,generation-ix
955,0.7069213419393201,1.5884289434587902,-0.11670104466778557,espathra,956,https://raw.githubusercontent.com/PokeAPI/sprites/master/sprites/pokemon/956.png,psychic,481,generation-ix
956,-1.8400616946876718,0.07376691394385743,-0.3429250020027075,tinkatink,957,https://raw.githubusercontent.com/PokeAPI/sprites/master/sprites/pokemon/957.png,fairy,297,generation-ix
957,-0.6579946159770586,0.30224664837103316,-0.415601178350961,tinkatuff,958,https://raw.githubusercontent.com/PokeAPI/sprites/master/sprites/pokemon/958.png,fairy,380,generation-ix
958,1.1742382907831357,0.3063528920623212,-0.5534023441916868,tinkaton,959,https://raw.githubusercontent.com/PokeAPI/sprites/master/sprites/pokemon/959.png,fairy,506,generation-ix
959,-2.860673961620609,1.7381314771127232,0.506717110314815,wiglett,960,https://raw.githubusercontent.com/PokeAPI/sprites/master/sprites/pokemon/960.png,water,245,generation-ix
960,-0.22485966823807796,1.5687683150443745,0.6419210272216789,wugtrio,961,https://raw.githubusercontent.com/PokeAPI/sprites/master/sprites/pokemon/961.png,water,425,generation-ix
961,0.8424692455530923,-0.15657973299528116,0.40940862837470027,bombirdier,962,https://raw.githubusercontent.com/PokeAPI/sprites/master/sprites/pokemon/962.png,flying,485,generation-ix
962,-1.66126666560382,0.8054890895761947,0.349255481337951,finizen,963,https://raw.githubusercontent.com/PokeAPI/sprites/master/sprites/pokemon/963.png,water,315,generation-ix
963,0.36583720755307547,0.5852349701533399,0.702734297163497,palafin-zero,964,https://raw.githubusercontent.com/PokeAPI/sprites/master/sprites/pokemon/964.png,water,457,generation-ix
964,-1.8209723065200571,-0.5352567996064509,0.5699293137732014,varoom,965,https://raw.githubusercontent.com/PokeAPI/sprites/master/sprites/pokemon/965.png,steel,300,generation-ix
965,0.998880949440749,-0.08472664973233959,1.3706975932102974,revavroom,966,https://raw.githubusercontent.com/PokeAPI/sprites/master/sprites/pokemon/966.png,steel,500,generation-ix
966,0.9055910761911857,1.6549414520134498,0.5472210030625589,cyclizar,967,https://raw.githubusercontent.com/PokeAPI/sprites/master/sprites/pokemon/967.png,dragon,501,generation-ix
967,0.6983297490925061,-1.5458861842663956,0.5710991319451687,orthworm,968,https://raw.githubusercontent.com/PokeAPI/sprites/master/sprites/pokemon/968.png,steel,480,generation-ix
968,-1.0710249944863512,1.0962772728693715,-1.393484940994509,glimmet,969,https://raw.githubusercontent.com/PokeAPI/sprites/master/sprites/pokemon/969.png,rock,350,generation-ix
969,1.4217088085774527,0.7898178033316419,-1.3011467955501967,glimmora,970,https://raw.githubusercontent.com/PokeAPI/sprites/master/sprites/pokemon/970.png,rock,525,generation-ix
970,-1.8838887480605173,-0.8546381373733821,0.14743018895957694,greavard,971,https://raw.githubusercontent.com/PokeAPI/sprites/master/sprites/pokemon/971.png,ghost,290,generation-ix
971,0.9505728201167598,-1.0030768552630072,0.17695035728538333,houndstone,972,https://raw.githubusercontent.com/PokeAPI/sprites/master/sprites/pokemon/972.png,ghost,488,generation-ix
972,1.0177672275407579,0.5158363133688093,1.1077315563369186,flamigo,973,https://raw.githubusercontent.com/PokeAPI/sprites/master/sprites/pokemon/973.png,flying,500,generation-ix
973,-1.2108213312829674,-0.43405979559347574,1.2858486754399934,cetoddle,974,https://raw.githubusercontent.com/PokeAPI/sprites/master/sprites/pokemon/974.png,ice,334,generation-ix
974,1.4997956414519371,-0.30399247299747956,2.498497160001259,cetitan,975,https://raw.githubusercontent.com/PokeAPI/sprites/master/sprites/pokemon/975.png,ice,521,generation-ix
975,0.7900130197753074,0.07841686195743121,0.7573133920123373,veluza,976,https://raw.githubusercontent.com/PokeAPI/sprites/master/sprites/pokemon/976.png,water,478,generation-ix
976,1.718055373065481,-1.9675656229306813,1.3197980017903752,dondozo,977,https://raw.githubusercontent.com/PokeAPI/sprites/master/sprites/pokemon/977.png,water,530,generation-ix
977,0.7513557905420837,1.1388754472913223,-1.745025841263839,tatsugiri-curly,978,https://raw.githubusercontent.com/PokeAPI/sprites/master/sprites/pokemon/978.png,dragon,475,generation-ix
978,1.6119650252705648,-0.16673447416533074,1.143886647047677,annihilape,979,https://raw.githubusercontent.com/PokeAPI/sprites/master/sprites/pokemon/979.png,fighting,535,generation-ix
979,0.426822331172978,-1.5854922787610812,0.021317478798243715,clodsire,980,https://raw.githubusercontent.com/PokeAPI/sprites/master/sprites/pokemon/980.png,poison,430,generation-ix
980,1.5032205296817844,0.18556828755039775,0.23715641566123935,farigiraf,981,https://raw.githubusercontent.com/PokeAPI/sprites/master/sprites/pokemon/981.png,normal,520,generation-ix
981,1.5252803413159006,-0.5143680083473758,0.690918619014533,dudunsparce-two-segment,982,https://raw.githubusercontent.com/PokeAPI/sprites/master/sprites/pokemon/982.png,normal,520,generation-ix
982,1.9203579326423716,-1.8082646511913598,1.2422903491338566,kingambit,983,https://raw.githubusercontent.com/PokeAPI/sprites/master/sprites/pokemon/983.png,dark,550,generation-ix
983,2.002079019675417,-1.0395350430303465,2.2780043238626884,great-tusk,984,https://raw.githubusercontent.com/PokeAPI/sprites/master/sprites/pokemon/984.png,ground,570,generation-ix
984,2.0756494055665438,0.08387232698959436,-0.549606879461285,scream-tail,985,https://raw.githubusercontent.com/PokeAPI/sprites/master/sprites/pokemon/985.png,fairy,570,generation-ix
985,2.2657988547205172,-1.1380920308653184,0.6612433081581058,brute-bonnet,986,https://raw.githubusercontent.com/PokeAPI/sprites/master/sprites/pokemon/986.png,grass,570,generation-ix
986,2.004682279262584,2.497365549924426,-2.609085023527432,flutter-mane,987,https://raw.githubusercontent.com/PokeAPI/sprites/master/sprites/pokemon/987.png,ghost,570,generation-ix
987,2.165270579893716,0.000997516096201254,0.48449338880298193,slither-wing,988,https://raw.githubusercontent.com/PokeAPI/sprites/master/sprites/pokemon/988.png,bug,570,generation-ix
988,2.022498335628294,0.8186053233634303,-0.6257647777725455,sandy-shocks,989,https://raw.githubusercontent.com/PokeAPI/sprites/master/sprites/pokemon/989.png,electric,570,generation-ix
989,1.9435892072526642,-0.10845184662404866,1.0768352707792104,iron-treads,990,https://raw.githubusercontent.com/PokeAPI/sprites/master/sprites/pokemon/990.png,ground,570,generation-ix
990,1.7691737342446845,1.6276013653179875,-0.28191852453453686,iron-bundle,991,https://raw.githubusercontent.com/PokeAPI/sprites/master/sprites/pokemon/991.png,ice,570,generation-ix
991,2.263532669726079,-1.7618087893982046,2.4275240813025327,iron-hands,992,https://raw.githubusercontent.com/PokeAPI/sprites/master/sprites/pokemon/992.png,fighting,570,generation-ix
992,2.0097133076888944,1.2294128472797514,-0.41650052876463767,iron-jugulis,993,https://raw.githubusercontent.com/PokeAPI/sprites/master/sprites/pokemon/993.png,dark,570,generation-ix
993,2.0807849237462386,1.894176373150477,-1.6537597690087416,iron-moth,994,https://raw.githubusercontent.com/PokeAPI/sprites/master/sprites/pokemon/994.png,fire,570,generation-ix
994,2.1363824784768832,-0.9361890032048562,1.2201761216159206,iron-thorns,995,https://raw.githubusercontent.com/PokeAPI/sprites/master/sprites/pokemon/995.png,rock,570,generation-ix
995,-1.5101469468026776,0.009886774117422621,0.8688013561890602,frigibax,996,https://raw.githubusercontent.com/PokeAPI/sprites/master/sprites/pokemon/996.png,dragon,320,generation-ix
996,0.02123017128267246,-0.36750181846223584,1.0045872057171508,arctibax,997,https://raw.githubusercontent.com/PokeAPI/sprites/master/sprites/pokemon/997.png,dragon,423,generation-ix
997,2.5632445826238155,-0.22936188356913972,1.584417816531499,baxcalibur,998,https://raw.githubusercontent.com/PokeAPI/sprites/master/sprites/pokemon/998.png,dragon,600,generation-ix
998,-1.6240393590682034,-1.1052378171138302,-1.611430796857453,gimmighoul,999,https://raw.githubusercontent.com/PokeAPI/sprites/master/sprites/pokemon/999.png,ghost,300,generation-ix
999,1.8165769791436595,0.589519793084254,-1.4253482981521408,gholdengo,1000,https://raw.githubusercontent.com/PokeAPI/sprites/master/sprites/pokemon/1000.png,steel,550,generation-ix
